,sequence,cleavage1,cleavage2,cleavage3,cleavage4,distance,reversed,length1,length2,length
0,LQMEQMILV,TEKLQ,MEQQQ,TSFMI,ILVLP,9,True,5,4,9
1,VVDTTPAAR,RKKVV,DTTKE,GDQPA,AARTP,19,False,5,4,9
2,ATARSRSSS,QLRAT,ATARA,YQRRS,SSSRS,23,False,3,6,9
3,PAGDSAHLR,ADQPA,DSAIL,VPPHL,HLRTP,21,False,6,3,9
4,GEASREKLQ,QKLGE,KLGEG,PDFEA,KLQKL,2,True,1,8,9
5,SLEEDHLPE,PERSL,EEDCF,LQWHL,LPEGA,12,True,5,4,9
6,CPSSSGSLM,GWPCP,PSSDT,PTHSG,SLMIN,7,False,4,5,9
7,GRVGSRDRA,PQTGR,RVGHL,HLLSR,DRARS,3,False,4,5,9
8,TPTQIPADG,DGDTQ,GDTQK,MAMPT,ADGDT,1,True,1,8,9
9,HHGFFIWDF,QVFHH,HGFKS,KNVFI,WDFIE,10,False,4,5,9
10,PLETQGNQE,TSRPL,QGNLT,TQGQE,GQEDN,17,True,7,2,9
11,LVLCRIASN,DGLLV,LLVLC,LLVLC,ASNVL,0,False,2,7,9
12,NLPKRKKGS,TSQNL,KRKQL,DMKKG,KGSFE,6,True,6,3,9
13,IVQLVRGYM,TQSIV,QLVQR,SGIRG,GYMKT,7,False,5,4,9
14,GTHHINCRL,KKKGT,HINRW,VLRCR,CRLGT,25,False,6,3,9
15,ISGVSPPPP,YGYIS,ISGPL,RQPVS,PPPPR,12,True,3,6,9
16,EFDSLFNSK,NPVEF,LFNES,FNESK,ESKYT,1,False,7,2,9
17,YHKMIKEES,ESDYH,DYHDL,LEAKM,EESDY,1,True,2,7,9
18,AAEESEPYT,YTSAA,SEPES,LQFYT,FYTSA,1,True,7,2,9
19,PLMSAFARG,GALPL,FARSR,TEKGG,EKGGH,16,False,8,1,9
20,LCQKIEQCE,LFSLC,EQCDY,LPGEH,PGEHY,7,False,8,1,9
21,KLKQKCPSP,LQKKL,KLKDR,SSPQK,PSPIN,17,False,3,6,9
22,GGSTFTILW,KRPGG,FTIGK,IWLLW,LLWAL,6,False,7,2,9
23,IPEDTSSEM,MDVIP,PEDHR,ASRTS,SEMSW,20,True,4,5,9
24,QPNVPVGEV,GPYQP,PVGID,TNEEV,EEVAK,22,False,7,2,9
25,LASPANTSL,NNNLA,LASSS,SAQPA,TSLGF,25,False,3,6,9
26,QYFRYNVFY,QLGQY,RYNGS,LWTVF,VFYRR,15,False,6,3,9
27,GQVAACTDC,TDCGQ,QVATN,TLCAC,TDCGQ,0,True,4,5,9
28,GKVCGSNAA,AFPGK,GSNLL,VGAAA,AAATL,24,False,7,2,9
29,TLADLDSNS,NGYTL,YTLRR,SNYAD,SNSDD,23,False,2,7,9
30,LMLPAVEED,QLILM,PAVGS,DPAEE,EEDCP,10,False,6,3,9
31,GSEEAILSQ,LPSGS,EAILQ,AGMLS,LSQPV,13,False,6,3,9
32,LEQGGKSEL,KHDLD,HDLDL,LEEEQ,SELQR,9,False,1,8,9
33,EEKPKKSDK,VADEE,KKSSL,SPADK,ADKAK,12,True,7,2,9
34,QMGRGGPGG,LMEQM,QMGGR,GGRRG,PGGPP,7,True,3,6,9
35,GIPPVFVNA,PAAGI,PPVTL,SLYFV,VNASL,20,True,5,4,9
36,TINSLVPVK,GDNTI,TINMP,FTPSL,PVKSS,22,True,3,6,9
37,ALLVTVSWI,CTNAL,TNALS,LCNLL,SWILS,5,True,1,8,9
38,KLELTLGRV,QCGKL,CGKLT,QEQLE,GRVED,11,False,1,8,9
39,LTYFSREGI,HIQLT,FSRWS,LHREG,EGIVC,19,True,6,3,9
40,TKFWILPLT,VYATK,TKFTV,SVSWI,PLTYS,12,False,3,6,9
41,SLELPPAVT,TDPSL,SLENP,VPALP,AVTLG,22,False,3,6,9
42,PYQERLLVL,GLVPY,ERLLA,SEVLV,LVLAE,11,False,6,3,9
43,LGGTPYPGM,IFSLG,GGTPY,GGTPY,PGMMV,0,False,4,5,9
44,SPHVAKTPQ,PPLSP,SPHPC,TNDVA,TPQMH,15,True,3,6,9
45,GTTTLLPDV,GALGT,LPDTR,RCLVD,CLVDN,4,False,8,1,9
46,DFKRIQNAD,QPEDF,FKRIH,FELIQ,NADTD,23,False,4,5,9
47,ACPGQAGSE,NHLAC,PGQEC,PNTAG,GSECE,11,True,5,4,9
48,VKVFHKYSG,NKYVK,KYSNS,TTQGK,TQGKI,8,True,8,1,9
49,EDNDYRSYI,LHQED,NDYIN,EAQRS,SYILT,12,False,5,4,9
50,ARTLKEHIK,SVEAR,LKEEK,YAKHI,HIKGE,16,True,6,3,9
51,GLYINYKQR,IFLGL,YINFR,RHLYK,KQRRR,4,False,5,4,9
52,ILIDPSSHE,IITIL,DPSDR,HQRSH,SHEDP,11,False,6,3,9
53,PANATGMQF,DVFPA,ANALL,VSTTG,MQFLS,24,True,4,5,9
54,TSTPLTKED,ATPTS,STPVP,GRELT,KEDLF,11,True,4,5,9
55,HSQYLLDWV,VIDHS,QYLCR,MDELD,DWVRV,4,True,5,4,9
56,VLGSVEPLW,HRAVL,SVERL,GKWPL,PLWLS,14,False,6,3,9
57,IQQIQGLIG,LLDIK,LDIKT,TQLQQ,LIGGL,25,True,1,8,9
58,PCRMSCQNA,PRNPC,CQNHG,WDHAG,DHAGG,9,True,8,1,9
59,RKEVKEAII,IITRI,ITRIK,VKKKE,AIITR,1,True,1,8,9
60,SLLVATDGG,LGKSL,GKSLD,VNLLL,DGGKP,11,False,1,8,9
61,WVEQPNQVN,PDMWP,DMWPK,LMTVE,QVNYG,16,False,1,8,9
62,KQAPQGSRS,LPAKQ,GSRDS,SSDSD,SDSDS,5,False,8,1,9
63,PCGKAFAHL,GERPY,ERPYG,CSDCG,AHLSI,5,False,1,8,9
64,AVGGLVTNA,GLTAV,GGLAL,LMSVT,TNAIS,5,True,5,4,9
65,PDIKGGCYN,PHFPD,IKGFV,CVPGC,CYNNS,19,False,5,4,9
66,CVGALLALV,VASCW,ASCWP,ITCVG,ALVVL,22,False,1,8,9
67,KNNILSMPE,EYLKN,SMPEK,GKAEY,KAEYL,2,True,8,1,9
68,LHKIPLPIA,MNELH,PLPPW,WALIA,LIAIA,4,False,7,2,9
69,PVIYSKIFM,VLNPV,VIYTF,VNYSK,IFMDK,21,False,4,5,9
70,KTCRPRHRM,LEAKT,KTCFR,VDSRP,HRMFE,20,False,3,6,9
71,DKAKPKRLS,LEADK,KAKYV,EPNPK,RLSAV,7,True,4,5,9
72,DDTDNVIEA,YKNDD,DTDST,SKRNV,IEAVY,10,True,4,5,9
73,EPLPTLQFQ,QLLEA,LLEAQ,SLTPL,QFQDV,23,True,1,8,9
74,KTQGRSAEA,DSTKN,STKNV,QMQTQ,AEAQN,19,False,1,8,9
75,GQSQAQQVI,GFQGQ,GQSSS,SSSQA,QVIKR,2,False,3,6,9
76,VVNDKKNNA,GKSVV,DKKKE,MIQNN,NNAYA,9,False,6,3,9
77,EMDIDTEDD,DDEEM,IDTVK,RLAED,EDDWT,15,True,6,3,9
78,DTATSIAYV,TFFDT,FDTPP,IVLAT,AYVYS,22,True,2,7,9
79,HFSDVELCQ,GTAHF,FSDDS,VVVVE,LCQYR,19,False,4,5,9
80,DVDLRKASE,FPKDV,VDLSQ,PTKRK,ASEEA,25,False,4,5,9
81,NLLVESDTG,VDENL,NLLFH,VSQVE,DTGDR,22,False,3,6,9
82,ELVDSFQSL,SSREL,DSFRS,PSQQS,QSLYK,10,False,6,3,9
83,EEYVSRMKE,FSVEE,RMKEI,ESKEQ,SKEQV,14,False,8,1,9
84,TAQIKGLDS,KKITA,QIKFL,EELGL,LDSTS,6,False,5,4,9
85,LDRILPKLG,FELLD,PKLRA,IVQGL,VQGLD,12,True,8,1,9
86,EGVTLQGNT,GEGEG,QGNIT,VTPTG,TPTGV,23,False,8,1,9
87,PPHSIDQEE,SQLPP,IDQGA,TASEE,SEEEF,17,True,7,2,9
88,QKLRRTEVK,MRSQK,LRRRP,QEATE,EVKYN,12,True,5,4,9
89,LCEHKYGNA,CTRLS,TRLSP,RRLCE,GNAPR,16,False,1,8,9
90,EACSLCIQT,GEWEA,ACSAT,RTVLC,IQTMV,13,False,4,5,9
91,EDPAALGSS,MVGED,VGEDM,QPKDP,GSSRS,5,False,1,8,9
92,PRAGGPQLH,GVVPS,VVPSW,ERIRA,QLHLV,25,True,1,8,9
93,DFGNAWRET,SYIDF,FGNIP,ERKAW,RETNV,9,False,4,5,9
94,QMSECSQYQ,QYQQM,QQMLH,GKTSE,QYQQM,0,True,2,7,9
95,SLYSPTETS,TFMSL,TETPS,LYKSG,YKSGS,10,True,8,1,9
96,FKDQLVDLN,KLKFK,VDLEV,VQANK,QANKL,18,True,8,1,9
97,LQADSLATQ,RLQLQ,QADRH,LIQSL,ATQLE,14,False,4,5,9
98,GPKPEAEHR,TPEGP,PKPRS,DAEEA,EHRGA,13,True,4,5,9
99,TTESSINTM,QESTR,ESTRR,RAWTE,NTMGG,25,True,1,8,9
100,ACTEPSAGL,QAKAC,ACTSE,LLPEP,AGLPS,9,False,3,6,9
101,PKIAAPAWN,KCHPG,CHPGA,QDLKI,AWNSK,4,True,1,8,9
102,EVAKKQLLF,KSEEV,KQLSK,DLDLF,DLFTE,8,True,7,2,9
103,EEMRQLRSI,QQQEE,QLRES,LRESI,ESIAE,1,False,7,2,9
104,FTPCVTGGP,DISFT,FTPEC,TPECV,GGPVP,1,False,3,6,9
105,SGFFHESRV,MVKSG,HESDS,IRDRV,DRVTP,11,False,7,2,9
106,VIGNNMITC,YGYVQ,GYVQP,YAMIG,ITCIN,23,False,1,8,9
107,CGSISKASP,SDSCG,ISKAD,KKPAS,ASPQV,20,False,6,3,9
108,LTYWGTQTN,YLYLT,WGTTH,WPAQT,QTNYL,3,True,6,3,9
109,PSKTAHVTK,ELFPS,HVTDQ,KTVKN,TVKNT,13,False,8,1,9
110,HKFSFDIMA,DYQHK,DIMPT,MPTAR,PTARP,2,False,8,1,9
111,RPTYTNLNV,DIERP,NLNRL,ALNVD,LNVDL,21,False,8,1,9
112,QLSRAADTE,RVQQV,VQQVR,ADILS,DTEEM,13,False,1,8,9
113,VKVRDWTDK,ISVVK,VKVVG,RSHRD,TDKQA,25,True,3,6,9
114,KDDLGNLNV,NDAKD,DDLGN,DDLGN,LNVPD,0,False,4,5,9
115,ENLKDTVRS,LQCEN,DTVEN,LRERS,ERSLQ,3,True,7,2,9
116,RVLTAQRIP,KLHRV,RVLKV,LSRTA,RIPYM,6,False,3,6,9
117,ARGELAQRM,LIAAR,RGEEG,VQWLA,QRMNS,20,True,4,5,9
118,FLLRLLFGI,MEVFL,VFLAQ,LAQLR,FGIAQ,2,False,2,7,9
119,QISKLTAPQ,SYSQI,QISHK,ISKKL,APQKE,23,True,3,6,9
120,IGSESERGR,STLIG,GSELF,SPRSE,RGRGR,15,True,4,5,9
121,MSPTYFYAF,QSEMK,SEMKP,QYGSP,YAFYH,7,True,1,8,9
122,GISMLDAVK,EPQGI,LDAEA,KQLVK,LVKHF,12,True,7,2,9
123,LDDGKTDSR,LNLLD,DDGTL,LSMKT,DSRLN,3,True,4,5,9
124,QLFKISLLL,EILQL,KISCN,HVSLL,LLLRL,18,True,6,3,9
125,TDLEHQVCH,DLFTD,DLENA,NFLHQ,VCHDQ,25,True,4,5,9
126,PPSHKAFIS,DYMPP,AFIED,SAPSL,APSLR,7,False,8,1,9
127,ITQWLEILQ,GLVIA,LVIAY,QVTTQ,ILQRL,16,True,1,8,9
128,QAGVLVRCM,IVGQA,GQAGI,WIKGV,RCMLN,17,True,2,7,9
129,YKCSWCGSQ,IKPYK,WCGKS,KSFSQ,FSQNT,3,False,7,2,9
130,ISVGRASSV,EQEIS,SVGLM,APERA,SSVYT,9,True,4,5,9
131,AASASGLMA,ADTAA,SASAS,QKYGL,LMADA,18,True,5,4,9
132,TTLRQQHIF,FLRTT,LRQSA,EKKQH,HIFLR,2,True,5,4,9
133,PERALWVSF,SFRPE,ALWQA,SSFVS,VSFRP,1,True,6,3,9
134,EYLIFFPKA,AGNEY,YLIFQ,PEKFF,PKARD,14,False,4,5,9
135,ENLFLALLL,DCMEV,CMEVA,VVLNL,LLLSS,23,False,1,8,9
136,AAGVHCDRP,VSLAA,CDRPS,PSIPA,SIPAS,3,False,8,1,9
137,SSGPRGLLV,LNWSS,GLLAF,SCSVV,CSVVL,7,False,8,1,9
138,GFITGQWSE,LDPGF,GFIHE,ERYTG,WSEWS,22,False,3,6,9
139,ASHLQRLEI,HDFAS,QRLIL,DLQEI,QEISY,24,True,7,2,9
140,SHIRVGVVY,RFTSH,HIRVI,GVLVG,VVYGV,11,True,4,5,9
141,RKKEGSAGP,RTPRK,KKEPP,EPPGS,AGPQA,14,False,4,5,9
142,RLLARNLFN,ACLRL,LARLH,EALNL,LFNNV,14,True,5,4,9
143,EIVHWEIED,GAWEI,HWEKV,KEIIE,IEDIK,23,True,6,3,9
144,EHCKQLQQG,TKEER,KEERL,RCPHC,QQGSI,11,False,1,8,9
145,KITAAVETG,SGEKI,KITFL,TQVAA,ETGGI,17,True,3,6,9
146,SGCAVAVNG,LITSG,AVNII,LISGD,ISGDY,12,True,8,1,9
147,LKDLRTYLA,NKQLT,KQLTE,RLQKD,YLASV,7,False,1,8,9
148,TRRSWAEKQ,EAPTC,APTCP,NPHRR,EKQCS,16,False,1,8,9
149,HNYNLVCET,CENHN,ENHNR,NKTNY,CETLQ,15,False,1,8,9
150,EEDLKLSRT,SVVEE,LKLLQ,MDVSR,SRTQT,7,True,6,3,9
151,TSSLKVTDT,EISTS,VTDAF,VEKTS,EKTST,11,False,8,1,9
152,LQLPSSFPG,SKTLQ,TLQAE,QNPLP,FPGKK,16,True,2,7,9
153,WRYQLDAPR,WFSWR,YQLRE,GPSDA,APRDV,20,False,5,4,9
154,PLLCTREDC,ASPPL,REDVE,TMICI,MICIT,21,True,8,1,9
155,RWLHFSTSR,CARRW,RWLRR,TRRHF,TSRGG,7,True,3,6,9
156,RSPNMCEHD,ITDRC,TDRCS,DRCSP,EHDGR,1,False,1,8,9
157,LSSQGLMGH,QSELS,SSQLG,MTSGL,MGHSQ,10,True,4,5,9
158,HSGISRGIG,PSEHS,ISRNA,ILLGI,GIGIY,17,False,6,3,9
159,ECGKYQAHL,GCNEC,GKYFM,FLTQA,AHLVG,16,True,5,4,9
160,KMSPEWNVT,LFLKM,SPEDI,IRKWN,NVTSL,4,False,5,4,9
161,KMNSTLVGF,VRSKM,LVGVF,VNMFT,NMFTC,15,False,8,1,9
162,IATALLEQV,DLLIG,LLIGI,QERAT,EQVAG,7,False,1,8,9
163,TSSYLISLK,SFGTS,YLIVH,QKTSL,SLKAH,22,True,6,3,9
164,VAPVQEELA,KEAVA,QEESD,KQRLA,RLAQI,24,True,7,2,9
165,AAEAAAAAA,AAAAA,AEAGL,AAAAA,AAAAA,0,True,4,5,9
166,IPLVKMNRI,NEDIP,DIPNV,PCILV,NRIIG,19,True,2,7,9
167,SFVHHALKD,LKDSI,KDSIL,ATQFV,LKDSI,0,True,1,8,9
168,ANPGPERPR,RVEAN,PGPLN,EKEER,RPRQQ,9,False,5,4,9
169,SIIVGPFSF,RTSSV,TSSVL,RLTII,FSFMF,5,False,1,8,9
170,SFRDPEQPE,TTPSF,EQPLE,RGEEG,GEEGV,6,False,8,1,9
171,ASFPEMPDL,SRFAS,FPEYL,SIDMP,PDLLD,25,False,5,4,9
172,ESRCYGCAV,SWGEG,WGEGP,TMESR,CAVKF,25,False,1,8,9
173,NGSSFTLQQ,VAVNG,SSFVS,VTFTL,LQQLN,23,False,5,4,9
174,RNVFTMTAV,LEVRN,MTAKE,ILEVR,LEVRN,0,True,8,1,9
175,YRTALKNLA,IASYR,ALKLK,AHSNL,NLASI,15,True,6,3,9
176,TVKKIKVST,STKTV,KVSVR,VHVTN,HVTNN,5,True,8,1,9
177,ITRQHMRKV,WSGIT,MRKAV,HGNVL,GNVLY,21,True,8,1,9
178,ISAYRLQEE,RAQIS,AYRVM,KFLLQ,QEEIS,21,False,5,4,9
179,REIQGKQNE,TAGRE,REINL,RRHQG,QNELS,6,True,3,6,9
180,QCINEYKQM,GGQQK,GQQKR,CQSCI,KQMME,7,False,1,8,9
181,HGSSCQMEI,ADGHG,CQMLL,QLREI,REITG,6,False,7,2,9
182,GLRPNSPAA,ALAGL,LRPHS,VESNS,PAALA,2,True,4,5,9
183,QGRLSPVRS,GAQQG,RLSVG,PYLPV,VRSSD,14,True,5,4,9
184,SLECLAMGN,IRGSL,LECLR,EFVLA,MGNYL,21,False,4,5,9
185,RPPSSAPAD,LAHRP,SAPTE,RVPAD,PADLA,18,True,7,2,9
186,MPCLPKIWQ,CELMP,LPKEG,DGAIW,IWQWR,21,False,6,3,9
187,YEPSNKAAE,SSRYS,SRYSG,TGLEP,AAEIS,22,True,1,8,9
188,HHNPRVQKV,LDDHH,NPRLI,DKIVQ,QKVLD,3,True,5,4,9
189,TFKTLDHVS,LILTF,FKTFR,ENGLD,HVSIR,16,True,4,5,9
190,MLHSVHGLA,KFHML,LHSGL,SGLVH,GLAFW,2,False,4,5,9
191,MVIQTQICQ,EMEMV,VIQQY,ERLTQ,ICQEQ,16,False,4,5,9
192,LENNFFDSS,TGALE,ALEGK,TIQNN,DSSKQ,17,False,2,7,9
193,PASALLGEK,IRLPA,LGEEN,YIMKE,IMKEL,9,False,8,1,9
194,PAYNMWVSL,GWRPA,RPAYG,YGIYN,VSLFG,3,False,2,7,9
195,PDSPAPNPS,FIQPD,PNPFS,RLSSP,LSSPL,13,False,8,1,9
196,VGATLETCE,CETVG,LETLH,REACE,ACETV,1,True,7,2,9
197,FKLRACNSV,RSQFK,FKLRA,FKLRA,NSVFT,0,False,3,6,9
198,PSKKFISKT,SKTPS,PSKEE,NKNKF,SKTPS,0,True,3,6,9
199,TQLELINKK,ERLTQ,INKQY,EELKR,ELKRF,13,True,8,1,9
200,EDRFLKSRQ,EELED,RFLRL,RTMKS,SRQAV,10,True,5,4,9
201,FALQTLAKN,FSEFA,QTLLS,NTLAK,AKNSN,16,True,6,3,9
202,MNKDLLRYH,NYIMN,LLRRV,HHTYH,TYHIK,5,True,7,2,9
203,RHPECFDEE,EALRH,PECAL,KTDFD,DEETQ,11,False,5,4,9
204,VALDWVAPG,DGLVA,LDWVV,VLPVA,APGPE,15,True,5,4,9
205,PADWPIPLP,DWIPA,PIPPD,DWPLP,PLPPD,4,True,7,2,9
206,PYIGTEKLQ,IPCPY,YIGDP,FADTE,KLQCL,22,True,4,5,9
207,KHVGGRVMI,EPKKH,RVMVT,DRSIL,RSILS,7,False,8,1,9
208,VKTEPLPPD,LSQVK,QVKSI,DGNTE,PPDSG,10,False,2,7,9
209,TASFFVRLV,FLKTA,VRLGP,AFKVR,FKVRG,8,False,8,1,9
210,YDLLRLFEL,GQYYD,LFEYG,YLFLG,LFLGD,12,False,8,1,9
211,RLLTHSSTI,ITQRL,RLLTH,EDCTH,STITQ,2,True,3,6,9
212,STGDNWNGF,FRVST,WNGIM,FSNFG,SNFGM,10,True,8,1,9
213,PATVDLKEL,GRGPA,VDLEL,LEGKE,KELMQ,7,False,6,3,9
214,LLLAFAMYR,SGSLA,GSLAV,LLSLL,MYRPM,7,True,1,8,9
215,FGESASKEQ,KEAFG,AFGQA,LIQES,KEQYY,22,False,2,7,9
216,YDCIFKRRT,ISLYD,FKRRL,RPART,ARTGI,5,True,7,2,9
217,KEPFLQQLS,NYHKE,QQLKV,ELFSY,LFSYS,22,True,8,1,9
218,LMGVPMPAS,SAPLM,GVPNS,PLLMP,PASDS,22,False,5,4,9
219,LALFEDVEL,SHGLA,LFERC,GHNDV,VELYG,17,False,5,4,9
220,KEWEWKAGF,TSKKE,SKKES,DEAEW,AGFHR,20,True,1,8,9
221,TVMSILKIH,GNPTV,PTVEV,VSVMS,KIHAR,11,True,2,7,9
222,TATTSATSG,PVATA,ATTPP,PARSA,TSGHV,5,False,4,5,9
223,PQTQPQSPV,QPQPQ,QSPAQ,QTTVS,TTVSS,16,False,8,1,9
224,MNRAQRQAF,FMCMN,CMNTA,LSDRA,QAFLE,11,False,2,7,9
225,FLKKLNPAR,LKDFL,LKKHN,KHNLN,PARKY,2,False,4,5,9
226,RMIAFALLG,PTARM,IAFAM,FAMAL,LLGCV,2,False,5,4,9
227,IQNWKQNKF,DFKIQ,NWKMV,ASLQN,NKFKT,11,False,5,4,9
228,QGKEPWTVL,SLEQG,WTVKR,ELPLK,LPLKK,22,False,8,1,9
229,VGTVIAADG,MSLVG,VGTFP,RNVVI,ADGVL,21,True,3,6,9
230,PGYPHDVYE,TLQPG,PHDLI,IDAVY,VYENS,23,True,6,3,9
231,LNGHPRDFT,ELKLN,GHPIT,WTVRD,DFTLE,4,True,5,4,9
232,MAARGAENV,GITMA,AARMK,RKVGA,ENVAI,5,False,4,5,9
233,QQYRALVPE,RGSQQ,RALTV,ALTVP,VPELT,1,False,6,3,9
234,VGTKQVNHT,VTYVG,GTKQL,NHFQV,NHTVA,17,True,4,5,9
235,SRPHKHRFA,KDHSR,KHRAR,LVSFA,SFAVS,18,True,7,2,9
236,TMGVVPPDL,ENGTM,MGVSK,DREVP,PDLTK,9,True,4,5,9
237,GAKPMARFN,LFQGA,KPMAR,KPMAR,RFNHT,0,False,5,4,9
238,KSKLNTITV,TKGKS,TITPV,DVEVM,VEVMP,19,False,8,1,9
239,LEYNAIGGI,KEVLE,IGGKY,GDAIA,DAIAR,6,True,8,1,9
240,FLRIKYWIK,EVEFL,KYWDR,DQKIK,KIKKA,22,True,7,2,9
241,PDSASLRAG,PGGPD,GPDQQ,WRYSA,RAGMH,19,True,2,7,9
242,VPNRPQPQV,IYTVP,VPNLL,LPPRP,PQVLV,25,True,3,6,9
243,MESPLPAHE,EQGME,PLPAE,YLEAH,AHETF,18,False,6,3,9
244,WHDPIVPAD,ETAWH,VPAQY,LWKDR,WKDRP,15,False,8,1,9
245,GNGTRGHDA,VGTGN,GTRLV,DVRGH,HDASI,16,True,5,4,9
246,SVVSPLVGT,VCFSV,VSPSS,PFLLV,VGTQI,24,False,5,4,9
247,GISYGQSLN,SIAGI,YGQVR,SSESL,SLNSS,11,True,6,3,9
248,VSSECLPQN,DPTVS,SECIA,KCFLP,PQNIN,11,False,5,4,9
249,LGAVLPKDK,PTSLP,TSLPA,DPEGA,KDKLI,8,False,1,8,9
250,RASPAPGSP,APVRG,PVRGP,SADAS,GSPPA,19,True,1,8,9
251,GLVVTGLKE,LKEGA,KEGAF,GTKLV,LKEGA,0,True,1,8,9
252,YLYICEESE,SWPYL,EESSQ,DSCEA,SCEAA,25,True,8,1,9
253,NPYASFRLP,SPHNP,PYAHA,QGTSF,RLPSA,22,False,4,5,9
254,VKLRSSSLP,QMDVK,LRSLI,VLCSS,SLPTV,19,False,5,4,9
255,MKLHIKPDQ,ETIMK,IMKYA,VAMLH,PDQFT,11,True,2,7,9
256,LMLTLPFDL,TQTLM,PFDES,RRRLN,RRLNT,4,True,8,1,9
257,YTTYPYTPN,HSLYT,TTYQD,TMLPY,TPNNQ,13,False,4,5,9
258,DETCTRFLK,GSFDE,TRFYT,HRDLK,DLKPE,21,False,7,2,9
259,PPPPASGPP,QNLPP,PASHP,VPGGP,GPPPI,23,False,6,3,9
260,RSPRCGGPG,EGRRS,SPRPD,PVRCG,GPGDA,16,True,4,5,9
261,KNIKTVTLR,KVFKN,KTVMK,CCRTL,TLREL,11,True,6,3,9
262,SGGLRGFSA,SRGSG,GGLGG,SSRRG,FSANS,23,True,4,5,9
263,GGATPRRDG,CQEGG,GGAAH,TALTP,RDGLE,19,True,3,6,9
264,RADYECPHD,LALRA,DYEIA,LDCCP,PHDIL,20,True,5,4,9
265,PHGSPDLKD,ASSPH,GSPDV,VGDDL,LKDEI,15,True,5,4,9
266,APFSAGLPP,AAAAA,AAAAA,AGYPF,LPPAA,18,False,1,8,9
267,GTRLLLSEA,DLDGT,DGTSF,QPARL,SEAYL,22,False,2,7,9
268,SRLQERNVS,ELVSR,RNVQV,FLISG,LISGG,5,False,8,1,9
269,DFCINPKLH,SFVDF,DFCYS,IIKIN,KLHTP,13,True,3,6,9
270,RRGAAPLQR,VAQRR,APLRR,HVEQR,EQRRQ,9,False,7,2,9
271,DVVLDKALR,HISDV,DKANK,KTPLR,PLRPL,4,False,7,2,9
272,AGLFHHLRK,SQNAG,HLRIH,TGEKR,GEKRY,14,True,8,1,9
273,FFQTEHAQM,QKFFF,QTELQ,MSQHA,AQMTE,8,False,5,4,9
274,RWLHIYDTR,AQNRW,IYDNQ,DRVTR,VTRLE,15,False,7,2,9
275,ITKRKWDGL,AAQIT,RKWEA,TCVDG,DGLRR,18,False,6,3,9
276,NVGRHFTLV,NVQNV,GRHLT,IREFT,TLVRS,12,False,5,4,9
277,HPSGQYRGK,PVSHP,SGQEV,RFKYR,RGKLA,18,False,5,4,9
278,SIIKRATIG,GKTSI,IKRYV,HYRAT,TIGVD,11,False,5,4,9
279,CKPGNEDGS,KCICK,KPGFV,MCINE,DGSFK,4,True,4,5,9
280,IYQKLPAKL,KVMIY,IYQDE,DEVKL,AKLSI,3,False,3,6,9
281,PPVGNSCDP,EAPPP,PPVPV,SILGN,CDPEE,5,True,3,6,9
282,SPCLDSKTS,EFPSP,SKTKV,LFWSI,FWSIF,23,True,8,1,9
283,LLPLLLLLR,TLLLL,LLLLL,AYLRI,YLRIA,25,True,8,1,9
284,LGYGGEAAA,MENLG,LGYVM,AGAGG,AAAEE,19,False,3,6,9
285,EIDLNYNLE,NNLEI,LNYKL,LKHNL,NLEKV,23,True,6,3,9
286,VRGMQDPTT,KGSVR,RGMTW,TFSQD,PTTVA,21,False,4,5,9
287,ADLENETKI,KNFAD,DLEDS,DFTNE,TKISP,20,False,4,5,9
288,ANHTTSFNV,QTDAN,TSFHS,PYENV,ENVPS,16,True,7,2,9
289,NKNTSSLRR,GNRNK,RNKMC,PFMNT,LRRNR,17,True,2,7,9
290,LGAQVASQL,YNDLG,AQVTE,LERAS,SQLAR,9,False,5,4,9
291,AKRFALAYY,LENAK,RFAID,LTKLA,AYYST,9,False,5,4,9
292,NYTLSKFQK,DGYNY,LSKTE,IAVFQ,FQKYA,7,True,6,3,9
293,NHGEPYYQE,MALNH,HGEEQ,ESHPY,YQEIY,21,False,4,5,9
294,KDGAMFNKT,PARKD,GAMFF,FARFN,NKTVQ,18,False,5,4,9
295,LVTKVLYPA,PGYLV,VTKVV,APRVL,YPALG,20,True,4,5,9
296,CFGGGIFTA,MLHCF,GGILS,SSWFT,FTAML,3,True,6,3,9
297,VYSFNNQSD,IGAVY,VYSHR,YQSFN,QSDLE,17,True,3,6,9
298,MNQVDLIRP,IMAMN,AMNSA,GFEQV,IRPWR,13,False,2,7,9
299,WRNALNSQH,EKLWR,NALLA,AFENS,SQHLD,8,True,5,4,9
300,LGKMDPAAS,SRFLG,DPASS,ADPAS,PASVG,16,True,7,2,9
301,VNSAGAFEM,QQLVN,AGAQD,HPSFE,FEMEI,21,True,6,3,9
302,IMLMHNIRD,IDVIM,VIMGG,AYQLM,IRDID,3,True,2,7,9
303,AYYQKLPSF,VHKAY,YYQRS,PADKL,PSFLA,6,True,4,5,9
304,PQTPALPSP,IPPPQ,QTPST,RRHAL,PSPLE,13,True,4,5,9
305,FLYRQVRAQ,SQSFL,QVRRM,LAPAQ,PAQVK,16,False,7,2,9
306,EIAHAAEVS,ETNEI,NEISR,ISRAH,EVSFR,2,False,2,7,9
307,AIESAEEFL,PYRAI,IESLY,AGLAE,EFLLT,21,False,4,5,9
308,FFNPSTFDA,PEQFF,PSTYN,TYNFD,FDATC,2,False,6,3,9
309,WSGERKKAD,VRLWS,ERKGL,VSVKA,KADNS,19,True,6,3,9
310,YFLGLSRPS,VSTYF,YFLAA,PHSGL,RPSSC,22,False,3,6,9
311,KKVKRSAQE,RRKKK,KKVYV,IRNKR,AQESR,4,True,3,6,9
312,STLVLEHLA,LAPST,STLYF,SSVVL,HLAPS,1,True,3,6,9
313,IRILHRTLH,IQLIR,HRTDR,MERLH,RLHKI,14,False,7,2,9
314,VGPLPGASR,EFAVG,LPGPC,SSWAS,ASRPI,17,False,6,3,9
315,LGQPYCYST,LPDLG,QPYRS,LDRCY,YSTPS,9,True,5,4,9
316,GKQCGKGFS,NECGK,CGKAF,GCIQC,GFSLK,23,True,2,7,9
317,YSVAAGRRG,VLYYS,YYSRQ,APLVA,RRGRW,21,True,2,7,9
318,TPTCMVLHP,GMATD,MATDF,EHGPT,LHPLA,17,False,1,8,9
319,AQARGEVAD,AEQAV,EQAVG,GHQQA,VADGQ,16,True,1,8,9
320,TGVGRSIVE,SDHTG,SIVYG,DPPED,PPEDM,21,False,8,1,9
321,DWDDLIALC,KLRDW,RDWTP,IPWDD,ALCIN,6,True,2,7,9
322,VSAQGGVAT,IYYVS,YVSVN,PFVAQ,VATDF,17,True,2,7,9
323,ATNTHGSFE,TTDAT,DATSC,RCVNT,SFECY,21,True,2,7,9
324,EKRDNYSST,LDHEK,DNYQI,IQLSS,SSTAI,15,False,6,3,9
325,AETLNNIAK,DNDAE,NNILA,SEEAK,EAKEF,18,False,7,2,9
326,SWEEYNRTG,YRISW,NRTNT,EKNGI,KNGIL,7,True,8,1,9
327,KCSKVFQRI,KCNKC,KVFGR,IEHQR,QRIHT,9,False,6,3,9
328,FPSGNLSQM,VHDFP,SGNGT,NNCLS,SQMEQ,9,True,5,4,9
329,GGGTSNPGQ,SDTGG,GTSCT,SIGNP,PGQGS,22,False,5,4,9
330,LRNIHIPLE,FSTLR,RNIKM,IKMHI,PLEVR,2,False,4,5,9
331,EPQLRNHPR,KGSEP,EPQVG,RNHLR,HPRCK,4,True,3,6,9
332,RGGKMSTKE,DLRRG,RRGRY,IFRGK,TKEVD,10,False,2,7,9
333,TETIALVER,ETDTE,TIAKL,FSTLV,VERVI,19,False,5,4,9
334,TSVSSDVSE,RVRTS,SVSDF,NMMSD,VSEPC,9,False,4,5,9
335,ALCVLATTD,GGSAP,GSAPL,QLVLC,TTDRR,9,True,1,8,9
336,CVALGIKLQ,TNGCV,IKLPH,VGIQQ,GIQQD,8,True,8,1,9
337,KDQEQVVFL,TLEKD,QVVMN,CCNFL,NFLYI,17,False,7,2,9
338,KEGGSRGVS,EDYKE,GSRKD,DAYGV,GVSYN,16,False,6,3,9
339,RHQSYETLK,TPCRH,HQSPE,TITYE,TLKYI,7,True,4,5,9
340,LYKDAGPSR,LYKLY,YKDPA,KDPAG,PSRVL,1,False,4,5,9
341,VPREALRAA,EVKVG,VKVGR,RPDPR,RAATM,5,True,1,8,9
342,SLIQHRYSS,QSSSL,QHRRI,AFSYS,YSSVL,19,False,6,3,9
343,QSALFTSSS,QGTQS,LFTLV,TAFSS,SSSVP,6,False,6,3,9
344,LVRFQTCSW,CSWLV,LVRVE,YPQFQ,CSWLV,0,True,3,6,9
345,EGEAVESIR,SLKEG,AVEFT,GLESI,SIRVT,11,False,6,3,9
346,QTRLEPPKL,SGSQT,EPPFP,AVSKL,SKLLL,17,False,7,2,9
347,PWEVGTGKV,EICPW,EVGAG,PNDTG,GKVSA,20,False,5,4,9
348,EESLFGSSW,HVMEE,ESLYL,LNIFG,SSWSV,16,True,4,5,9
349,GLESMHLGS,GIPGL,SMHLW,TSPLG,LGSMN,17,True,6,3,9
350,LVSQKDHHC,DYYLL,YYLLA,LASVS,HHCHT,3,False,1,8,9
351,KVLNNTSPP,RKRKV,LNNFD,LAQTS,SPPES,23,False,5,4,9
352,KDVESPSVS,GHAKD,AKDSQ,AGSVE,SVSST,25,True,2,7,9
353,CTTVDDHMH,GDICT,CTTSW,GLKVD,HMHTS,12,True,3,6,9
354,ILTLILGLS,TLRIL,LTLEE,GMLIL,GLSPC,13,False,4,5,9
355,SSVEVYQWK,WKRSS,VEVGD,EIVYQ,QWKRS,1,True,5,4,9
356,REGAPSEGL,NLARE,EGANY,DMVPS,EGLWR,11,False,4,5,9
357,SADRKRDAE,RLPSS,LPSSG,AQPAD,DAEKK,24,True,1,8,9
358,TDIILKDGR,RVTTD,DIISV,KFALK,DGRVT,2,True,4,5,9
359,ADENTRLNA,RLEAD,EADIE,LKAEN,LNAEL,13,True,2,7,9
360,SENIILCFL,VGASE,ENIVI,LLGIL,CFLIF,25,True,4,5,9
361,GDIDNCALA,KRDGD,NCALE,ALELA,ELARI,2,False,7,2,9
362,AEKLEELSK,KKVAE,KLEKV,NAEEL,LSKAF,9,True,5,4,9
363,LEHQRIHSF,FALLE,IHSGE,RRSFA,RSFAL,2,True,8,1,9
364,VGLAQTRPV,AGAVG,LAQRA,FDKTR,RPVVA,5,True,5,4,9
365,CWKKVVLSF,GELCW,KKVDL,NVDVL,LSFSH,9,False,5,4,9
366,LSPGEADSI,GTPLS,LSPSP,PSPGE,DSILE,8,False,3,6,9
367,VLSFVSALQ,WQRVL,SALVV,GHLQE,HLQEV,12,True,8,1,9
368,CNIITVKLR,EPDCN,NIIHM,DEDTV,KLRLY,24,True,4,5,9
369,LLMQKRQRE,RQELL,MQKRL,AEARQ,QRELQ,5,True,5,4,9
370,FEDHSHVHS,IHSFE,SHVSP,IAVHS,VHSPK,9,False,7,2,9
371,NAEMQFKEK,SDLNA,LNAVQ,REWEM,KEKYD,9,False,2,7,9
372,ASSTVASSG,QVVAS,SSTST,SQAVA,SSGSM,12,True,4,5,9
373,TPAPSLEEI,WMQTP,TPAED,SSRPS,EEILL,7,True,3,6,9
374,KLQLRSENQ,NKIKE,KIKEL,KDFLQ,ENQNK,20,False,1,8,9
375,SIFNNQEFA,KIPSG,IPSGC,SLKIF,EFAQL,5,False,1,8,9
376,MMVKKGTIC,KIRMR,IRMRS,RSEMV,TICGY,3,False,1,8,9
377,DRVEMEWLD,DGWDR,WDRTP,QVLVE,WLDFG,25,False,2,7,9
378,TPILTHMLK,NVMTP,ILTVL,NLTHM,MLKED,25,True,5,4,9
379,IISGKQRLD,GEAII,KQRSS,SHSLD,SLDYD,4,False,7,2,9
380,TGMVRLPHL,GPLTG,GMVLA,HQGRL,PHLFQ,8,False,4,5,9
381,RPLVPEKTR,LRKRP,PEKPK,VLLTR,LTRLE,8,False,7,2,9
382,HWSALCSNP,VVEHW,EHWIK,VIVSA,SNPIG,20,False,2,7,9
383,KSAPIFLQG,SSRKS,RKSEY,KPTAP,LQGLS,12,False,2,7,9
384,ETEESGGGS,VFNET,NETPI,KKDEE,GGSNP,19,True,2,7,9
385,TREEEQLSM,MAETR,EEETV,LPIQL,LSMAE,2,True,5,4,9
386,PCAANDGKP,APNPC,DGKGP,IYHPS,YHPSR,8,True,8,1,9
387,HKGGIYRIR,FYWHK,HKGLL,AQPGI,RIRYF,19,False,3,6,9
388,NNCGETEQD,LFQNN,GETEQ,GETEQ,EQDTE,0,False,6,3,9
389,DVVEAEGSN,NQSDV,AEGSH,GSHSN,HSNSP,2,False,7,2,9
390,RRIKLYGCC,NQHRR,IKLSP,GFCYG,GCCQG,22,True,5,4,9
391,LMSKVGSGE,EAHLM,MSKFN,ILGVG,SGEIK,25,True,4,5,9
392,WRVLDCRKK,NPIWN,PIWNQ,IKFRV,RKKDC,19,False,1,8,9
393,SPIALQEIC,TDGSP,IALFN,DEKQE,EICDK,18,True,5,4,9
394,AIMSKSKCS,VAPAK,APAKE,EAYIM,KCSVG,10,True,1,8,9
395,GGELYAATL,LTAGG,AATAM,STALL,TALLT,3,True,8,1,9
396,LTFAFPLHV,CEELL,EELLE,QAGTF,LHVDY,7,False,1,8,9
397,VVRLDRCSN,LEDVV,VRLPD,IEEDR,CSNSA,9,False,4,5,9
398,GDIDFEEGK,DQFGD,GDILE,FDSDF,EGKKC,12,False,3,6,9
399,CGLLILLSD,PRLCG,LLSLL,FCTDL,CTDLE,22,False,8,1,9
400,SAQAASSSV,SSGSA,ASSPA,PAASV,ASVGT,3,False,7,2,9
401,KLPESEPKK,QAWKL,ESERK,HQSPK,PKKLK,21,True,6,3,9
402,NQELYIQQS,TLWNQ,IQQDN,AAKSE,AKSEK,20,False,8,1,9
403,PTAIFAATG,QCLPT,IFAAT,IFAAT,ATGIQ,0,False,6,3,9
404,VCGSELDSD,LRLVC,VCGEM,WEESE,DSDQV,21,True,3,6,9
405,EWHNVDLQW,WLVEW,VEWNA,PLTHN,LQWLV,2,True,2,7,9
406,SPGSGITQQ,LSASP,SGIVP,NAGTQ,TQQGR,18,False,6,3,9
407,KSPTPKSPK,SVPKS,KSPPS,PSRKK,SRKKD,3,False,8,1,9
408,TRPNMTCPS,SNKTR,KTRKN,CGNPN,CPSNK,2,True,2,7,9
409,NVGGLRYRK,HKSNV,GGLLS,LAFRY,YRKVR,10,True,5,4,9
410,PMHYGNIME,DEEPM,NIMYD,QPDEE,PDEEP,1,True,8,1,9
411,AKVVGKDAF,VIRAK,VGKKL,HPQDA,DAFCN,8,True,6,3,9
412,RHQGSRPEG,PAVRH,HQGRE,PTHSR,PEGGC,11,False,4,5,9
413,IRIEFTTRQ,IKLII,KLIIN,ITTRI,TRQLP,6,False,1,8,9
414,VESFNKTRD,VAMVS,AMVSY,VTEES,TRDII,24,True,1,8,9
415,HKTKEQSKE,PSAHK,KTKHD,KKLEQ,SKEAD,20,True,4,5,9
416,DPTVPSEED,TAGDP,TVPGS,QLVSE,EEDNT,8,False,5,4,9
417,PDTETPFSP,PEPPD,PPDPG,GYETE,FSPEG,24,True,2,7,9
418,PQFGCGGGV,NPTPQ,QFGGK,SVTCG,GGVQK,11,True,4,5,9
419,NYPAPKKHK,HKLNP,KLNPE,HKDYP,KHKLN,1,True,1,8,9
420,ERSLSAHSW,PDQER,LSAYP,QAYHS,HSWYS,15,True,6,3,9
421,MGNNASRPG,NSHMG,SRPHS,SEMGL,EMGLK,23,False,8,1,9
422,SLEFSYRQG,GRRSL,FSYQE,SVGRQ,RQGEH,18,False,6,3,9
423,LDLSFQHLE,LRILD,DLSNN,ESGFQ,HLENL,11,False,4,5,9
424,AKDRQAAEA,IVQAK,QAAEA,QAAEA,AEANK,0,False,7,2,9
425,SESSGEADG,GAESE,ESEES,SEESS,ADGDT,1,False,2,7,9
426,IGIIFTLIV,LTVIG,VIGIS,SLAII,LIVGK,21,True,2,7,9
427,CTPGQGLGD,TELCE,ELCET,IVCTP,LGDLR,9,False,1,8,9
428,CMLLHLKHT,KSFCM,LHLCQ,HNTKH,KHTGK,14,True,6,3,9
429,SGTAESPGK,VGDSG,ESPSL,QDKGK,KGKQA,6,False,7,2,9
430,PSTESSNIR,QKCPS,STEPE,GTVSS,NIRAL,17,True,4,5,9
431,ISIYSLAMN,LGTII,GTIIV,NKDSI,AMNQL,4,True,1,8,9
432,PRPRAKRRM,LQEPR,KRRPI,FKKMF,KKMFG,10,False,8,1,9
433,EFLMKNSDT,TSAEF,NSDLY,SQCTL,QCTLS,17,False,8,1,9
434,MMLLKPLHY,GSEMM,MLLVA,AICKP,LHYST,12,False,4,5,9
435,CEEMQAVQI,KILCE,EEMGA,VLDQA,VQIIN,17,True,4,5,9
436,RCQFATLMG,LNQRC,FATSA,RLQLM,LMGAA,12,False,6,3,9
437,ASLSRVQFN,QTNAS,NASAH,TGCLS,QFNQI,13,True,2,7,9
438,LTTVIQLVG,VMILT,ILTEF,GQFTV,LVGML,19,False,2,7,9
439,PRRQEHDIR,SEIPR,HDISL,SLDRI,LDRIP,3,False,8,1,9
440,TIVVTMAIS,SWITI,TIVVP,RTHVT,AISWI,2,True,3,6,9
441,QSGKIMMRQ,RDGQS,GKITV,SPGMM,MRQLN,14,False,5,4,9
442,YNESLELVE,TNEYN,ESLLY,LNREL,LVEKV,5,True,5,4,9
443,SVPFAGGSA,PGRSV,SVPPV,YFEFA,GSAPG,7,True,3,6,9
444,KRRAEEQTA,QTAKR,KRRKK,KIAAE,QTAKR,0,True,3,6,9
445,SQGIPFREE,LNRSQ,IPFLE,SQIRE,REEIR,21,True,6,3,9
446,TKDASSQSG,NTRTK,SSQEG,FESSG,SSGEV,11,False,7,2,9
447,LQVKFSLDT,FLRLQ,LQVEG,FQYKF,LDTVI,10,False,3,6,9
448,EPLTLQDNY,QSSED,SSEDL,ILDPL,DNYSF,19,True,1,8,9
449,GYCDASDQR,NLNGY,GYCIH,DVKDA,DQRED,16,True,3,6,9
450,LFQGQDFCH,STHLN,THLNM,QPVFQ,FCHHS,22,True,1,8,9
451,VSGSHCTPY,QSMVS,CTPPP,PPPYH,PPYHA,3,False,8,1,9
452,GQQAPACMP,GILGQ,LGQDE,ASGQA,CMPFG,16,False,2,7,9
453,LKVISRLMQ,DVQLK,LKVKT,LDIIS,LMQVG,23,False,3,6,9
454,LLLSPRSNI,VVKLT,VKLTE,NSPLL,SNIDV,12,True,1,8,9
455,GGSEEEFKP,DVMGG,EEFMK,SCNKP,NKPST,12,False,7,2,9
456,HPGEAEEFR,AIAHP,PGEMV,RRMAE,EFRLS,22,True,4,5,9
457,EAIGNAKTK,PIMEA,AKTTR,GFDKR,FDKRY,18,False,8,1,9
458,QGAQVQQDG,QQLQF,QLQFA,AATGA,QDGSG,4,False,1,8,9
459,MDDAVGASY,AEKMD,DAVAP,LSEGA,ASYLD,9,True,5,4,9
460,CGKANKCGK,CNECG,GKAFS,YKCNK,CGKSF,25,True,4,5,9
461,EEDAEAEEE,EAAEE,EAEAE,AVEEE,EEEED,14,True,7,2,9
462,VADDQGQHG,LRGVA,GQHPL,SAAGE,AAGEG,21,True,8,1,9
463,KIEHFMFGE,EVWKV,VWKVF,YDGIE,FGEPR,10,False,1,8,9
464,PPATLAELP,DCGPP,ATLQP,LSFAE,ELPAL,25,False,5,4,9
465,MPGTRAEGE,SQDMG,QDMGD,HQRPG,EGESD,5,True,1,8,9
466,PNCCGNFAR,SCNPN,PNCYA,ATKCG,FARFI,7,True,3,6,9
467,QGAGPRGVL,ESVQG,VQGAA,GPAAG,GVLLT,24,False,2,7,9
468,QKPVPGTAS,LPGQK,PVPSS,QPVGT,TASLI,16,True,5,4,9
469,KTALLQAVQ,MLEKT,LQARP,LLPVQ,PVQSL,7,False,7,2,9
470,NSSFNPAAP,FPKNS,PAALS,EDFPK,DFPKN,1,True,8,1,9
471,SSDKTDKRA,ALTSS,SDKNT,SVATD,KRAFF,21,True,4,5,9
472,TPGKKEFYA,PNYTP,KKEDL,KGRFY,FYAFG,22,True,6,3,9
473,FETMLSVSE,SDPFE,TMLKS,GGGSV,VSENH,11,False,5,4,9
474,PVPLPRLMR,VLEPV,PLPRT,KVKRL,LMRPR,13,False,5,4,9
475,AIHLAQFNN,REDAI,IHLAG,IYKAQ,FNNDR,6,False,4,5,9
476,LGPEGSAMV,YPALG,GSALF,LFDMV,DMVPR,3,False,7,2,9
477,ALWWAVHFY,SNRAL,WAVGA,FRGHF,HFYGS,22,False,6,3,9
478,FESILHKQD,FGTFE,SILRS,SSQHK,KQDLT,4,False,5,4,9
479,GLNRETNEK,LFIGG,FIGGL,IGGLN,NEKML,1,False,1,8,9
480,DTEVVEDSV,CPADT,EDSLR,REEVE,EEVEP,16,True,8,1,9
481,EDGFSDTDN,RTTED,EDGRQ,RREFS,TDNDL,9,True,3,6,9
482,WTYVIEKLF,KKGWT,WTYDS,MPGVI,KLFAK,4,True,3,6,9
483,FTHNIRVIN,TTRFT,RVIEP,GIANF,IANFF,24,True,8,1,9
484,ITSIQEGVC,NNQIT,EGVFD,AMYCD,MYCDN,24,True,8,1,9
485,GEGFSGAGE,STSGE,GEGFQ,FKGFS,AGEKL,12,False,3,6,9
486,FHEDTKEKR,KPEFH,EDTRS,IRAKE,EKRNR,11,True,5,4,9
487,TKDHPDKRQ,EYVTK,PDKLK,AAKRQ,KRQTV,24,False,7,2,9
488,WEGEVLYII,GDGWT,DGWTR,AMKEG,YIIEE,7,True,1,8,9
489,TVSGNGFYP,GNLTV,TVSSP,VITGN,FYPGN,23,False,3,6,9
490,LRLQRPHFS,VKSLR,RPHMV,IDAFS,AFSDY,21,False,7,2,9
491,HYFLVEVFE,GLLHY,HYFFL,YLLLV,VFESE,18,False,3,6,9
492,SDVVPFRVA,HKDSD,PFRET,AFQVA,QVAII,17,True,7,2,9
493,AEASKMALL,LDSAS,DSASE,QAREA,ALLPS,20,True,1,8,9
494,TPGTAYEAE,STETP,TAYPA,TSIEA,EAELH,10,False,6,3,9
495,QCFERRWWE,CIHQC,ERRTK,KVSWW,WWESL,22,True,6,3,9
496,MRIGELVTP,LENMR,ELVSS,NDNTP,NTPSF,14,True,7,2,9
497,PPDPPAPAP,LAPPP,PPDIS,PSPPP,PAPLA,3,True,3,6,9
498,CSVDSILIS,SKGCS,DSIEY,VSNLI,LISKG,2,True,6,3,9
499,DNNRALFRM,RYVDN,NRAQW,AEELF,FRMVG,12,False,5,4,9
500,KFLFSKEAQ,KQHKF,HKFED,SGGLF,EAQTE,19,False,2,7,9
501,SFNKKNHTE,EESSF,KKNMF,QVIHT,HTEKP,5,False,6,3,9
502,VEDTLVSSS,TAYVE,EDTVL,PFPLV,SSSRW,12,True,4,5,9
503,IKEPNQYVL,LPVIK,QYVQT,LKHLQ,KHLQN,6,False,8,1,9
504,WGLVFEISS,EDAWK,DAWKS,PKKGL,ISSDD,14,True,1,8,9
505,LTTYGLSVY,YSDLT,LTTLV,ETEYG,SVYKD,23,False,3,6,9
506,VLTGRPKVF,SIKVL,TGRLD,GFKPK,KVFNI,5,False,5,4,9
507,SRDHQQQQQ,EEDSR,SRDEG,QQEHQ,QQQEE,8,True,3,6,9
508,SLETIGYGT,FSFSL,SLETQ,TQLTI,YGTMF,3,False,3,6,9
509,SFGVVRHGT,VIRSF,FGVKN,QAHVR,HGTEM,6,False,4,5,9
510,KKKTRGAEG,GKKKK,TRGDH,LSVAE,AEGPN,22,False,6,3,9
511,GNDNSSLSI,NGLGN,NSSNT,EATLS,LSILS,24,True,6,3,9
512,GALNIDPLK,LHAGA,AGATN,GDVLN,PLKFY,14,True,2,7,9
513,SAENSRLNP,RILSA,AENIP,AVYSR,LNPHR,21,False,4,5,9
514,EKNDPLSPN,ESCEK,PLSLL,QAPPN,PPNTD,19,False,7,2,9
515,APLQPEPPQ,AVGAP,APLED,GTLQP,PPQDA,25,True,3,6,9
516,LQMWVDRCI,QGKLQ,WVDLF,FFLRC,RCIIW,25,False,6,3,9
517,LHIPALFSA,AALLH,ALLHA,SMQHI,FSAFC,15,False,1,8,9
518,EKLLKAQHE,CEVEK,VEKEI,EIALL,QHEQY,3,False,2,7,9
519,SNTVQSHFQ,LKQSN,SNTFD,QSFVQ,HFQAQ,15,True,3,6,9
520,ANTLTWSIG,VFDAN,TWSQP,SAAIG,AIGNQ,25,True,7,2,9
521,VLALGASAD,DPIVL,GASRD,LEIAD,IADPI,2,True,7,2,9
522,ISSVLSRNR,EEHIS,VLSDY,RKKRN,RNRSS,20,False,6,3,9
523,CRLCFGDRI,QEICR,RLCGC,ALAFG,DRIAL,25,True,4,5,9
524,LLGSDEKRP,YSLLL,LLGVH,QSTSD,KRPVG,19,False,3,6,9
525,ALQLEHQMD,NTSAL,LEHEH,NIEQM,QMDTD,22,False,6,3,9
526,MVLDKGTLD,MTQME,TQMEF,FQVVL,TLDAV,9,False,1,8,9
527,PRPLLNMVT,KPIPR,RPLNK,LICLN,MVTMM,25,False,4,5,9
528,DGGSCPAHT,VVADG,PAHYP,LIRTH,IRTHN,20,False,8,1,9
529,KAVCHNYLF,SGAKA,AVCSN,CTMHN,YLFLA,10,True,4,5,9
530,LASFLYGRW,GLALA,ALAEV,ILHSF,GRWRN,9,False,2,7,9
531,YGEFVIKDQ,QGDYG,IKDPD,IAWQG,AWQGD,2,True,8,1,9
532,PERTESGVP,SSQPE,PERIS,STPTE,GVPSA,10,True,3,6,9
533,MAKYDLPTT,LDEMA,DLPAT,SQGTT,GTTIA,23,False,7,2,9
534,SEDITRFCS,CSSSE,SEDEI,RRRIT,FCSSS,1,True,3,6,9
535,TCEMENILY,IFFTC,TCECV,SKQME,ILYWI,10,True,3,6,9
536,YSVKWKGKV,QMSYS,KWKKS,TSEGK,GKVKL,11,True,6,3,9
537,EVDTFMFEQ,LRAEV,MFEGH,PKHQE,KHQER,22,False,8,1,9
538,GGSVAMAAR,LGAGG,GGSRG,AAAVA,AARGA,8,True,3,6,9
539,FEKKQKARR,DDVFE,KKQKE,AKDKA,ARRRS,24,False,5,4,9
540,CRLQFLFVF,CNKCR,FLFAK,CLKVF,KVFKN,23,True,7,2,9
541,FKPRITSTD,SKTFK,TSTDY,TDYDS,DYDSF,2,False,8,1,9
542,PSSKDYWIA,VLLPS,LPSKR,SKRSK,WIAKG,2,False,2,7,9
543,WHTLQANAE,DGKWH,QANKS,AVGAE,GAESP,16,False,7,2,9
544,REKGKLPVK,EALRE,REKKF,QDTGK,PVKWT,7,True,3,6,9
545,EFATLSPGE,FIVEF,TLSSL,GVNPG,PGETP,14,True,6,3,9
546,LQMLSSAAF,AFQLQ,QMLQI,PRSSS,AAFQL,1,True,4,5,9
547,TQRMKKAIL,GLKTQ,RMKAL,PVIKA,AILDQ,17,False,5,4,9
548,RAGEPLVIA,IHKRA,EPLGV,NDLVI,VIARI,11,False,6,3,9
549,VFKNLSRGL,RGLVN,GLVNV,EANFK,RGLVN,0,True,1,8,9
550,ALSNATMPD,ESLAL,NATGL,RFSMP,MPDLS,18,False,6,3,9
551,ELQQAPTPA,PAPEL,QAPEP,PAPTP,TPAPG,13,True,6,3,9
552,GKFIRLSNN,FKSGK,FIRIF,IFQLS,SNNIR,3,False,5,4,9
553,LTYLEYRHS,AEHLT,EYRSF,QDYHS,YHSFV,10,False,7,2,9
554,IHTGEKPYK,HKKIH,KPYKC,TGEKP,GEKPY,25,False,8,1,9
555,AEDLVYQST,TFDAM,FDAMF,RKRED,QSTVR,15,False,1,8,9
556,YATGFCCRQ,CRDYA,FCCSC,TDSRQ,SRQTC,17,True,7,2,9
557,EKIYESKTK,KGTEK,EKIIA,SMHYE,KTKGT,2,True,3,6,9
558,PSEANGANG,KRKPS,KPSPE,LGFEA,ANGSK,12,True,2,7,9
559,LSSMEVAPE,VAPLS,APLSS,APLSS,APEQP,0,False,1,8,9
560,TSSQSTKGA,DSITS,SQSSA,PYKTK,KGARF,23,True,5,4,9
561,QLLEGGFWC,FWCQL,EGGKT,KKGFW,FWCQL,0,True,6,3,9
562,TKAVLFSPP,NKSTK,AVLEC,ASVFS,SPPSS,20,True,5,4,9
563,LECALLYIQ,RSTLE,ECAYR,QHLLL,YIQSH,15,False,4,5,9
564,SSKNIVWGL,KSRSS,SKNET,CGQIV,WGLAF,17,False,4,5,9
565,IKVIRLEQN,QNTIK,KVIPP,TEIRL,EQNTI,1,True,4,5,9
566,VVQEYERVL,CVKVV,YERVI,WLLVL,LVLIS,19,True,7,2,9
567,ERLHERNLQ,LYVER,RLHEV,ERSER,NLQLQ,9,False,4,5,9
568,QAEVPDLFR,SSSQA,EVPPS,SLFDL,LFRGF,15,False,5,4,9
569,YLTPDKTMD,LPPYL,TPDAR,NRKKT,TMDKI,11,True,5,4,9
570,NIIHHFYCD,CNSNI,NIIHH,NIIHH,YCDII,0,False,3,6,9
571,SPKQDPKEG,FARSA,ARSAR,SARPK,KEGKR,2,False,1,8,9
572,RFTTGLASA,TKPRF,TGLVY,SSPAS,ASATF,13,True,6,3,9
573,VNPYIGLFQ,FLHVN,GLFFF,KMQQL,MQQLN,25,False,8,1,9
574,ASALADERE,TAAAS,AASLF,RIKAL,EREAV,8,False,2,7,9
575,HSRAIHCGH,FFDHS,HSRDV,DVAAI,CGHTF,3,False,3,6,9
576,EEITLTKAD,KKQEL,KQELQ,AQLEI,KADSE,12,False,1,8,9
577,SSGHTAEKA,PGQSM,GQSMM,FSSSG,EKASF,16,False,1,8,9
578,QESTGIASS,VDLQE,IASDS,SDSSS,DSSSS,6,False,8,1,9
579,KSLVKMFED,SMKKQ,MKKQY,FRKSL,FEDKG,15,True,1,8,9
580,ILTRTTNPE,PKKIL,TRTQS,SLSTN,NPEPL,9,True,5,4,9
581,GKGQRRMKP,KTRGK,GKGGH,SSPQR,MKPKE,5,False,3,6,9
582,QASLWDEQL,RALQA,LWDRG,SEEEQ,EQLER,4,True,6,3,9
583,VVAVMERDA,PNIVV,VVAIA,VREVM,RDAKD,13,False,3,6,9
584,AGTPGAPAG,GVKAG,VKAGA,RPGGT,PAGQP,5,False,1,8,9
585,ETTFEIQMA,RETET,TTFSG,DPEEI,QMADY,18,True,4,5,9
586,LQLAGYSWL,RPSLQ,QLAWA,SLQGY,SWLGE,18,True,4,5,9
587,PSHTSRKKY,YRKPS,RKKAT,ERFYI,RFYIY,4,True,8,1,9
588,QASLTSGSV,LQPQD,QPQDR,LLLAS,GSVFP,13,True,1,8,9
589,EEKLLEREA,QLEEE,ERERQ,QELAR,ELARL,24,True,8,1,9
590,LTSFRGHTP,PLDLT,DLTCS,TRSSF,HTPLD,2,True,2,7,9
591,GSGGNCSKC,YFDGS,GGNNH,GWKCS,SKCDM,23,True,5,4,9
592,KPSPEVKIK,EGKKP,VKIPT,PEEKP,EEKPL,20,True,8,1,9
593,IVQNTKAQL,GSGIV,TKALI,QNEQL,EQLIK,22,False,7,2,9
594,AVLRAKKGA,GTQAV,KKGQD,VLVAT,LVATC,7,False,8,1,9
595,PAQVQAAAA,AAAPA,QVQAA,QVQAA,AAAAT,0,False,5,4,9
596,REDGKAGLF,QVHRE,HRETE,HKQDG,GLFSQ,14,False,2,7,9
597,NGWVRGGAA,CLGNA,LGNAA,AGAGW,GAARD,24,False,1,8,9
598,MVASQELQV,RILMV,VASHG,SLPQE,LQVAR,4,True,4,5,9
599,MKGDKGGIP,FPGMK,DKGEL,GLPGI,GIPGA,23,True,6,3,9
600,LQDVVDLDF,QEPLH,EPLHL,AQAQD,LDFFT,5,True,1,8,9
601,ETQDLNGDP,KVLET,NGDGL,HVEPG,VEPGE,20,False,8,1,9
602,SRITAGMLE,EVKSA,VKSAL,ALKRI,MLEGV,3,False,1,8,9
603,TVRNKMISE,SEKTV,KTVEE,MAIRN,ISEGL,21,True,2,7,9
604,MDPTASPGQ,VRIMD,PTALV,SYFSP,PGQSH,18,True,5,4,9
605,KATSKGKKF,YALKA,ATSEL,ATVKG,KKFQT,10,True,4,5,9
606,FGLPQSLTE,CPVFG,GLPQQ,MFLQS,LTEEG,10,True,4,5,9
607,KKSAFLTSH,SHLKK,FLTEV,IKNSH,NSHLK,1,True,7,2,9
608,GTRWDIPIT,NKEGT,TRWFG,IEFDI,PITYP,19,False,4,5,9
609,IRYISGDLL,WGLIR,ISGLL,ACTDL,DLLSH,14,False,6,3,9
610,EPLEWNTSE,VFVEP,WNTSL,YVVSE,VSETT,13,False,7,2,9
611,EEMTFISVG,ALTEE,TEEVE,QLGMT,SVGHR,13,False,2,7,9
612,LTGNYLLMI,CIILT,LTGAL,GLQNY,LMILA,6,True,3,6,9
613,TTKTEVISG,LVSTT,EVIPP,YCTSG,TSGAY,24,False,7,2,9
614,LRKLVLFAP,MRNLR,VLFNI,IRFAP,FAPYL,7,True,7,2,9
615,KPRSASGLK,FRTKP,SASRP,ESAGL,GLKGA,15,False,6,3,9
616,VSKSKDPSL,RSTVS,DPSGL,SSTLA,STLAP,21,True,8,1,9
617,ANDLMTCQH,SPCAN,NDLFY,FYSMT,CQHQE,3,False,4,5,9
618,FQCLCPPVL,PGGFQ,CPPGF,PGFVL,FVLSD,2,False,7,2,9
619,CIGALSGVG,GIICI,CIGPN,GSSAL,GVGGI,17,True,3,6,9
620,KRGVVTMGF,ELSKR,VTMLQ,ESMGF,MGFEE,4,True,7,2,9
621,RPSEGALPA,WLRRP,ALPGP,GWIAP,WIAPC,16,True,8,1,9
622,GTVLCLLGC,LATGT,CLLAL,LVAGC,AGCGA,22,True,7,2,9
623,NMVENENSN,DPENM,ENEYK,AVNNS,NSNYG,5,False,6,3,9
624,PFLLRRLTI,VLRPF,RRLKK,EEETI,ETILI,11,True,7,2,9
625,KGVEFPMRS,LKRKG,FPMAD,TPQRS,QRSVP,13,False,7,2,9
626,GIPFICDLC,QAMGI,PFIIQ,IIQCD,DLCLK,2,False,5,4,9
627,STHLLVQHE,FSKST,THLLQ,NALLV,QHERI,20,True,4,5,9
628,AKVTVCFDQ,RPFAK,VCFPP,QALDQ,LDQRQ,19,True,7,2,9
629,MLSNETEIF,KNQML,QMLSQ,ASTSN,EIFPP,18,True,2,7,9
630,DSRGFTPAS,PASDS,DSRSC,CEMGF,PASDS,0,True,3,6,9
631,RQLYQTLHL,HLMRQ,RQLYH,EAYYQ,LHLMR,1,True,3,6,9
632,LWLIYWETD,FKTLW,LWLKI,YLEIY,ETDYN,7,False,3,6,9
633,TDIMDATGT,QKATD,MDAML,HSVTG,TGTLM,23,True,6,3,9
634,ECEECGKAF,KPFEC,CGKAF,CGKAF,KAFRH,0,False,7,2,9
635,SNETQTANL,FRASN,QTARS,NYENL,ENLAS,23,True,7,2,9
636,MIHQVILKT,GLSMI,HQVLI,GFYIL,LKTLL,11,False,5,4,9
637,SETRCLAGF,WSESE,LAGHC,TAIFT,AIFTC,24,True,8,1,9
638,ACFHLKSWK,FNLAV,NLAVA,WIFCF,SWKSS,9,True,1,8,9
639,MACLFQNVR,NNPMA,FQNFQ,NFQVR,QVRMQ,2,False,7,2,9
640,ELIKMGTIF,SEFEL,IKMTN,GDDGT,TIFVV,8,True,5,4,9
641,TQLSHTPGA,TGKTQ,SHTLC,AQLPG,PGAGG,7,False,6,3,9
642,HTGERPFVG,LCKHT,PFVCD,EGCGK,GCGKA,6,False,8,1,9
643,EPVMSFLEM,VQMEP,VMSQS,PEDFL,LEMDL,13,True,5,4,9
644,RDQRLRHCV,VPLRD,LRDKY,SLHQR,HCVVK,6,False,2,7,9
645,TSRSGGTQD,PSVTS,GTQVQ,EDEDL,DEDLQ,18,False,8,1,9
646,FGGYRNASA,KAQFL,AQFLI,DSFGG,ASAYC,11,True,1,8,9
647,ARKIAWTEV,LELAR,RKIIL,LPAAW,TEVIY,23,False,4,5,9
648,DPCQETVDQ,SPEDP,ETVSK,ATADQ,ADQGS,11,False,7,2,9
649,GPWFRHYVE,DVEGP,RHYDF,DLDVE,DVEGP,0,True,7,2,9
650,IIEEVRKKN,VVSII,EEVEE,KRKRK,KKNAP,5,False,5,4,9
651,DGNELMTEV,VILDG,NELSY,QEGMT,TEVQC,7,False,5,4,9
652,NAVTGPEEY,CTANA,TGPCR,FNYEE,EEYCT,3,True,6,3,9
653,YPGSSFNMH,QGLYP,YPGGG,LEPSS,NMHCA,21,False,3,6,9
654,QRLLDIRNL,ATFQR,LLDDN,IQGIR,RNLVT,16,True,5,4,9
655,GSKSTTVAV,KFQGS,QGSPD,QNVKS,VAVRG,15,False,2,7,9
656,LLKTLQLLH,LQQLL,KTLEE,VELQL,LLHEC,15,False,5,4,9
657,SSTNLTNYG,IEFSS,SSTSE,LSNNL,NYGEK,17,False,3,6,9
658,DLPPELYGW,VPYDL,LYGSK,GNMWV,NMWVP,22,False,8,1,9
659,GKAFKPYKC,EECGK,KAFTR,TGEKP,YKCEE,3,True,4,5,9
660,YKTIEEMHL,VLLYK,LYKIS,LLTTI,MHLLS,25,False,2,7,9
661,EQFDKTPLS,FVLEQ,LEQLL,LMWFD,PLSYT,24,False,2,7,9
662,TPCQSHNFD,PSLTP,TPCGM,EYIQS,NFDSA,25,False,3,6,9
663,VGTTSLSSY,TEIVG,LSSAL,AVPYL,VPYLV,12,False,8,1,9
664,FPAAVEQAG,ILCFP,AAVVL,ALTEQ,QAGLL,13,True,5,4,9
665,DGDGWTPLH,ELRDG,LRDGD,LRDGD,PLHAA,0,False,1,8,9
666,WLRISEWKN,EIKWL,RISSS,FIIEW,WKNLN,8,True,5,4,9
667,IEETSLPSG,QDKIE,IEEQS,HWPTS,PSGDA,12,False,3,6,9
668,FKVEYLTVA,QPAFK,FKVLK,VLAEY,TVAML,9,False,3,6,9
669,VVALEFGVI,NFLVV,VALLT,LLTEF,GVIHL,2,False,4,5,9
670,GLPALLICR,LGGGL,LPAGF,SLELL,ICRCL,20,False,4,5,9
671,QHQCSECGK,RLNQH,QHQRI,PYKCS,CGKAF,10,False,3,6,9
672,FISYNDVGD,EKEFI,SYNIN,LKEDV,VGDEG,7,True,5,4,9
673,VDAPQQGSA,LADVD,QQGRS,RPHSA,HSAAD,14,True,7,2,9
674,MRVLQRLLE,LSIMR,VLQAN,KRRRL,LLESL,9,True,5,4,9
675,VFSFVKIAD,SMDVF,KIAKL,CSMDV,SMDVF,0,True,8,1,9
676,HYDPSDSDA,LDAHY,YDPMA,ASSSD,SDACG,15,True,4,5,9
677,LFRCYTHIV,FFELF,FRCHD,KTLYT,HIVTD,9,False,4,5,9
678,DMLLNQHSQ,LQMDM,DMLSL,EPMLN,HSQLQ,19,True,3,6,9
679,AFGLVDVPA,PLLAF,AFGLP,EMCLV,VPAVA,16,True,3,6,9
680,QLIHDLKAR,QQTQL,HDLNM,NMQKA,KARLQ,3,False,6,3,9
681,RRQSLLHHT,DTVRR,LHHLC,VLQTR,LQTRP,7,False,8,1,9
682,PLEEVVKVC,KDVPL,EVVLK,VVLKV,KVCSC,1,False,6,3,9
683,RGCCGPMEP,MEPRG,RGCAT,GYTCG,MEPRG,0,True,3,6,9
684,CLAENEMEI,KSLCL,CLAGS,EGEEN,MEIFG,12,True,3,6,9
685,SKHPYNNGM,VRESK,YNNNT,EEPGM,PGMEV,6,True,7,2,9
686,MITQQSPSW,TNRMI,ITQTS,YQVQS,PSWMQ,16,False,4,5,9
687,DIDLKGKKK,TKDDI,IDLDA,QKSKG,KKKKE,21,False,4,5,9
688,SSGSTSGCS,ASGSS,SGCGS,FSGSV,SGSVT,19,False,8,1,9
689,LRLEDERLL,EDRLR,EDENE,KQERL,RLLMS,5,False,6,3,9
690,TLGHSKLGP,KRLTL,SKLDL,EPGGP,GGPKG,19,True,7,2,9
691,RPVGPRAPP,MARRD,ARRDP,RRAPV,APPPD,21,False,1,8,9
692,GDTVLQDLL,DRSGD,TVLIG,EIVQD,DLLDA,12,True,5,4,9
693,PGQDLGENS,DLQPN,LQPNG,QPNGQ,ENSRV,1,False,1,8,9
694,VRRFTPEDH,WLMVL,LMVLY,DCRRR,EDHWL,7,False,1,8,9
695,AQALPPQYD,SSPAQ,PQYQS,LSPDC,SPDCS,16,False,8,1,9
696,STLLIRVLF,SSEST,LIRTG,ANKVL,VLFVN,21,True,6,3,9
697,GNPAPWGQG,QGQGN,GNPGG,PQGAP,GQGGN,25,False,3,6,9
698,DAGTGALTP,ASTDA,AGTAG,GTAGA,LTPQH,1,False,4,5,9
699,RDNPYVLMV,FLVRD,VRDSS,TTTNP,LMVLY,7,False,2,7,9
700,SSPYAVEEP,PALSS,LSSSE,DYDPY,EEPSD,7,True,2,7,9
701,FSNNETSLT,FEQFS,QFSKL,THSNN,SLTEK,6,True,2,7,9
702,DEELEERRK,FLRDE,ERREK,RREKR,REKRR,1,False,8,1,9
703,SVCSFGKQV,INRSP,NRSPM,STKVC,KQVVE,22,True,1,8,9
704,HSQAVDRIA,ENSHS,SQAIN,AINVD,RIALV,2,False,4,5,9
705,RRLEDKVRV,QYQRR,LEDEM,IMIKV,VRVGQ,19,True,5,4,9
706,QAICDVFTQ,CVQQD,VQQDN,ALYAI,FTQYL,22,True,1,8,9
707,KEYGFTKRE,NSLKE,GFTEE,LARKR,KREQF,12,True,6,3,9
708,DSGVGKTVA,LIGDS,GKTCV,AVCVA,CVAKL,19,True,7,2,9
709,APRGLMERQ,LPAAP,RGLYK,FEGME,ERQYA,18,True,5,4,9
710,VSTTRELLV,LVSVS,TREPI,DEDLL,LLVRI,17,False,6,3,9
711,VILNVQFKG,NASVI,QFKPE,EAQGP,AQGPG,14,False,8,1,9
712,FSLDRTKYL,TIGFS,RTKND,FSSYL,SYLDE,6,False,7,2,9
713,TTRVMLPGL,YVPTT,TRVGS,VGSML,PGLPY,2,False,4,5,9
714,RKRQATRPP,STQRK,KRQQY,STTAT,RPPRA,12,False,4,5,9
715,SALWEGLSD,FRVSA,EGLPG,WTVSD,VSDSG,9,True,7,2,9
716,VATPPAYGL,AMKVA,TPPPS,FRGAY,YGLAM,3,True,5,4,9
717,PFECLEKPY,GEKPF,CLECG,TGEKP,KPYVC,21,False,6,3,9
718,ILQKKPNLF,RSLIL,KPNIR,RIPLF,PLFDE,25,True,7,2,9
719,ILKKAKFNM,KQEIL,LKKFM,FSKAK,FNMKP,12,False,4,5,9
720,NAWAIESAP,SRRNA,NAWGN,ISQAI,SAPEK,11,False,3,6,9
721,RIDQGRFRG,PNLRI,RIDEV,KGKQG,FRGNL,21,True,3,6,9
722,QLECKGEDA,PKKQL,KQLAA,PNSEC,EDATD,19,True,2,7,9
723,SFGDSMAPV,DLNSF,DSMKA,QQAAP,APVEG,15,False,6,3,9
724,NRTKQRKSH,AKVNR,RKSFS,SRTHI,RTHIG,6,False,8,1,9
725,AQKEPGFRG,LGPAQ,AQKGA,AKGEP,FRGPP,4,False,3,6,9
726,QIGNTERLK,IRSQI,NTESE,KQKRL,RLKSK,22,False,6,3,9
727,PEIIWLNLW,RRRPE,PEIGT,VMQIW,NLWIV,25,False,3,6,9
728,DVDNSPGSF,ECEDV,DVDEC,ECVNS,GSFQC,14,False,3,6,9
729,VLQSGVDPL,AQKVL,LQSIG,QSIGV,DPLPA,1,False,4,5,9
730,ICNVVFTHE,ILEIC,VFTSM,IEHHE,HHEQP,10,True,7,2,9
731,MGLAQDKEK,KLCMG,GLACV,EQKQD,KEKPE,16,True,4,5,9
732,KSKSGAEAQ,SPSKS,SKSGS,STGKS,EAQTP,21,True,2,7,9
733,DESFISADC,GSGDL,SGDLP,FSNES,ADCTD,5,False,1,8,9
734,PYPLLLGKN,NFQPY,YPLPH,AFELL,GKNTF,11,True,4,5,9
735,ENDFEKACQ,IKMEA,KMEAK,MFQND,ACQAK,13,False,1,8,9
736,TSLDHPKSS,WKETS,DHPYE,KPRKS,KSSEP,5,False,6,3,9
737,NTSAEFEGL,TQQNT,QNTSC,AMKSA,EGLYQ,9,False,2,7,9
738,YCSVSQDTP,SVTYC,SQDFP,NSGTP,GTPKD,14,False,7,2,9
739,PAPAGTAGP,PGAPA,PAPAP,CADAG,AGPAP,23,False,3,6,9
740,EGSLEQQQV,DDLEG,LEQEK,KLEQQ,QQVDD,3,True,6,3,9
741,AVVCSEMSP,NENAV,CSERV,MLRMS,MSPDT,24,False,6,3,9
742,PAPNSKLIH,PSSPA,SPASP,LKEPN,LIHRD,14,True,2,7,9
743,GYTTVRRWN,CEPGY,GYTLQ,MPGTV,RWNYP,12,False,3,6,9
744,AFIAAGERR,IADAF,AGESS,ALPRR,PRRFI,12,False,7,2,9
745,CSLHGNHMT,VSGCH,SGCHI,GSMSL,HMTLA,20,False,1,8,9
746,TRCSHGDQA,SSPTR,TRCQN,LDDSH,DQALS,8,True,3,6,9
747,LERIFLWPG,QDQLE,IFLVL,EDTWP,WPGVH,9,False,6,3,9
748,AADKAPYKV,KVPAA,APYLQ,LWRKV,RKVPA,1,True,7,2,9
749,YPLRYTTPI,AICYP,YTTIL,TIFPI,FPIIF,23,False,7,2,9
750,ELDVALSCW,CHGEL,ELDPM,AGIVA,SCWLP,25,True,3,6,9
751,ACYSPSDPA,VSLAC,SPSLK,MRRDP,DPAPG,12,True,6,3,9
752,ASSGPEAEF,QPQAS,EAEEE,QDEFD,DEFDE,17,False,8,1,9
753,EKVVLKGQI,TIGEK,EKVCL,KETVL,GQIQA,22,False,3,6,9
754,HTAAKKSQE,NVIHT,IHTYN,SVVAA,SQEVA,11,True,2,7,9
755,YFVEWVQNK,NSSYF,VEWIP,MLNVQ,QNKNS,3,True,5,4,9
756,IIIRFLETE,CLRII,IIIEL,VMFRF,ETENE,10,True,3,6,9
757,STEQVDILW,CVFST,FSTLG,LSLEQ,ILWHC,11,False,2,7,9
758,ALARQHMEQ,EQTAR,QTARK,GEHLA,MEQKE,4,True,1,8,9
759,HGIRKGLYP,YGHHG,GLYRG,RCIPS,CIPSQ,11,False,8,1,9
760,ASTENQNTG,LNDAS,QNTDS,MGEGL,GEGLF,16,False,8,1,9
761,RCGKSTNTF,NVFRC,FRCGG,SELGK,NTFFK,9,True,2,7,9
762,QAPLERPAD,FSIQA,APLVY,LYIER,PADVE,7,True,4,5,9
763,TQESESFLG,LLGTQ,ESFHS,CFLLG,LLGTQ,0,True,7,2,9
764,ECFRTKVDR,AMREC,RTKKL,IEPVD,VDRDV,25,False,6,3,9
765,RNFWRLNKG,LHNRN,NFWIL,SSPRL,NKGRS,25,False,4,5,9
766,ELLRRARMH,RCLER,CLERL,TLSLL,RMHIQ,19,False,1,8,9
767,DKPQVVFVN,QLKDK,DKPVV,GISQV,FVNNP,14,False,3,6,9
768,DLDTNYSTS,KCSDY,CSDYS,PSPLD,STSDS,14,False,1,8,9
769,TTSGLTVTG,NTTTT,TVTLS,LEAGA,EAGAL,14,False,8,1,9
770,RMSVLKLQL,EAARM,VLKEQ,NQHLQ,LQLTI,12,False,6,3,9
771,DYCGHYASG,KAIDY,YASAY,TAIGG,AIGGT,17,False,8,1,9
772,CPIFSEACM,LSVCF,SVCFP,QVNPI,ACMAD,12,True,1,8,9
773,DEMPWGLEP,QSSDE,DEMRS,EALPW,LEPQD,6,True,3,6,9
774,LSHYIQVTL,AVVLS,HYIHN,ARCQV,VTLRD,9,True,5,4,9
775,GELGTSIAV,THTGE,ELGQE,DNLTS,IAVSQ,13,False,4,5,9
776,EHLYMCLQY,ATMET,TMETM,HLPHL,LQYPS,22,True,1,8,9
777,VVAPAQTGE,DSVVV,AQTLS,GIVGE,VGECN,23,False,7,2,9
778,GIQVGGQQP,SLIGI,GIQTD,LSTVG,QQPPS,4,True,3,6,9
779,LISPRAYME,AKDLI,RAYRG,YPPME,PMEQM,5,False,7,2,9
780,KKADMSVSH,NDCKK,MSVLE,FHQSH,QSHLP,24,True,7,2,9
781,IFVIGTCSL,LDLIM,DLIML,NILFV,CSLFS,24,True,1,8,9
782,SLVCDLLSL,TDTSL,LVCFQ,RSTDL,LSLAN,22,True,4,5,9
783,QSLGPTFSF,IGLQH,GLQHN,CSNSL,FSFNH,24,True,1,8,9
784,GERPYECHT,THTGE,YECKH,ERTHT,THTGE,0,True,7,2,9
785,RVGIPGEIG,HHGRV,VGIFP,PAQPG,EIGEA,25,False,4,5,9
786,LVEKEWIST,FETLV,WISFG,GFETL,FETLV,0,True,8,1,9
787,SQTCDWVCR,NEHSQ,CDWGN,ASQVC,VCRNW,25,False,6,3,9
788,HCLQLEVKM,DLEHC,LQLRR,QEKEV,VKMNV,10,True,5,4,9
789,TSMDCSTAR,SSQTL,SQTLG,LGSSM,TAREE,3,False,1,8,9
790,PLQKLDALE,NLEPL,DALNL,ENLEA,NLEAQ,22,True,8,1,9
791,LDKSLGGSA,IVSLD,LDKAS,LPVSL,GSALP,24,True,3,6,9
792,VHQRTHTGQ,NLMVH,HTGEK,FKSQL,KSQLI,17,False,8,1,9
793,LLKILRSSC,TYVLL,VLLGS,EISKI,SSCLR,25,True,2,7,9
794,AAWNGIVMS,NDEAA,AWNEL,GNVGI,VMSLE,25,False,4,5,9
795,AKSLHALSR,MVNAK,NAKFE,PTISL,LSRDR,15,True,2,7,9
796,LAGLLRDQT,KAALA,LLRLG,RLGDQ,DQTEP,2,False,6,3,9
797,WLWPEFIFA,DTAWL,LWPFK,RNPEF,IFACS,23,False,4,5,9
798,AQEWCIKHW,RQKAQ,IKHGF,AKAWL,KAWLP,21,True,8,1,9
799,ALEEANNSY,KVQAL,ANNDL,RLASY,ASYLD,5,True,7,2,9
800,TPRDPEPRY,PGPTP,TPRNF,TPNDP,PRYLE,22,False,3,6,9
801,HLTVFIKLS,QNGHI,NGHIN,CTSLT,KLSAR,7,True,1,8,9
802,NKIWPVIEL,TETNK,IWPYV,AKPVI,IELYK,15,True,5,4,9
803,SAGSGAECR,PKHSA,GAEES,LGGCR,GCRVV,19,True,7,2,9
804,RRGCVQAKK,RLCRR,VQALA,KQRKK,RKKKA,25,True,7,2,9
805,RGETCFRLP,KNRRG,TCFLL,PPERL,RLPIR,11,True,6,3,9
806,QAALARISA,AQLQA,ARIPN,MEYSA,YSAQL,2,True,7,2,9
807,EPEAPASEP,EGTEP,TEPED,PASEA,SEPGY,18,True,2,7,9
808,PDADALESR,IQTPD,DADLD,SLQAL,ESRQD,24,True,4,5,9
809,LRSQVQALA,TSRLR,QALDD,AAAAE,AAAEA,11,False,8,1,9
810,RKYWYGADI,DLERK,KYWKN,APIYG,ADING,9,False,4,5,9
811,VALLACKSR,LLLVA,LACLT,QQRKS,KSRGK,13,False,6,3,9
812,IPLEEKSKI,HLIIE,LIIEN,NFIPL,SKIMN,4,False,1,8,9
813,DREKLFAHS,HSSDL,SSDLL,RALRE,AHSSD,1,True,1,8,9
814,AKLSPQPGE,KVRAK,RAKGL,LQLLS,PGEQL,21,False,2,7,9
815,QNRFQLMTE,IHEQN,LMTAG,IKLEP,KLEPL,19,True,8,1,9
816,PEGNEGMEQ,LVEPE,PEGIE,ACPNE,MEQQK,16,True,3,6,9
817,PVIRQAIRP,QAPPV,RQAPP,PPPIR,IRPAP,17,False,6,3,9
818,RQIMGLPLI,SVKRQ,IMGEL,AFLLP,PLIIV,6,False,5,4,9
819,SAPSPASEI,FGRSA,APSPA,APSPA,SEIHP,0,False,4,5,9
820,LPIFRLVKI,VAILP,ILPDE,PDEIF,VKIRF,2,False,2,7,9
821,TRKSVPING,REVTR,SVPRN,RDRIN,INGIK,25,False,6,3,9
822,RDGLAVNMG,GIARD,GLASC,DEMVN,NMGKF,24,True,5,4,9
823,YRKELGEYI,RKRYR,YRKFL,QHYEL,EYIRK,3,True,3,6,9
824,GPSLLAKSI,TYVGG,YVGGT,VRAPS,KSILE,13,True,1,8,9
825,TSCSKTVTK,GSTTT,STTTT,TRRSC,VTKTV,4,False,1,8,9
826,LTGEEVVCH,PAVLQ,AVLQQ,DFLTG,VCHVA,22,True,1,8,9
827,LEIYNEEIL,VSYLE,EEILD,VIQLL,IQLLF,19,True,8,1,9
828,INSHSAERP,AMYIN,YINEV,ELLSH,ERPER,18,True,2,7,9
829,LYELDIEYS,IETLY,LDIEY,LDIEY,EYSQV,0,False,6,3,9
830,KNVQSLADS,NNGKN,GKNGK,GEDVQ,ADSLD,17,True,2,7,9
831,WCLFSRVPP,KMMWC,MWCSA,CVFLF,VPPSL,24,True,2,7,9
832,EKLTYMGLQ,SETEK,TEKEE,DLSLT,GLQPP,10,True,2,7,9
833,KESERNPYF,QISKE,KESSM,SSMER,PYFDK,2,False,3,6,9
834,LAWDFVTIQ,GHLLA,DFVKE,GSYTI,TIQNI,16,False,6,3,9
835,RWQDIQNLH,GYARW,IQNDA,GIVLH,VLHGY,3,True,7,2,9
836,ETRSEYNIT,LDRET,EYNIT,EYNIT,NITIT,0,False,7,2,9
837,YTSSKLSLK,KYGYT,KLSVR,FFRLK,RLKSK,7,True,7,2,9
838,TSTGLKLHL,KSSTD,SSTDI,DLDST,LHLST,8,False,1,8,9
839,GAIWLDFLI,SELGA,GAIKS,AWCWL,FLIVD,18,True,3,6,9
840,LCKFFKLQQ,LEPLC,PLCLA,FISKF,LQQHQ,8,False,2,7,9
841,KFIAEKAAG,ESSKF,IAENS,LLAKA,AAGPE,21,False,5,4,9
842,GSYQADHCE,RFTGS,SYQIL,KLGAD,HCEDS,9,True,4,5,9
843,NPSGPGNPK,KGTNP,PSGGR,NNVPG,NPKNL,21,True,4,5,9
844,VFTPDGPVF,FSAVF,GPVLG,QEGFS,EGFSA,2,True,8,1,9
845,KPDDVKVKV,PMTKP,TKPTP,LSLDD,VKVEK,17,True,2,7,9
846,GEPWVLQPR,SILGE,VLQGH,MPSPR,SPRGA,20,True,7,2,9
847,NRLVPGAAP,GVYNR,NRLSP,AFGVP,AAPSH,20,False,3,6,9
848,PWVQPGFLA,DGGPW,WVQDV,RTCPG,FLADG,3,True,4,5,9
849,SVVTHSLLP,IFESV,ESVHS,AETVT,LLPQN,20,False,2,7,9
850,LVTGQVNNL,TCHLV,TGQCF,HLDVN,NNLLG,23,False,5,4,9
851,RWYAGEIQQ,FNGRW,YAGRQ,GLFEI,IQQCP,21,False,5,4,9
852,EVAVRVGAL,LDCEV,RVGGE,HPPAL,PALWV,10,True,7,2,9
853,SDRYRADIV,ELFSD,RADIC,QNLIV,LIVLP,22,False,7,2,9
854,IKVTVSSGH,KNLIK,VTVAP,LSTSS,SGHGP,18,True,5,4,9
855,YGCGVKDAH,SWGYG,VKDSP,LMAAH,AAHRP,23,False,7,2,9
856,QWDKFLGRA,RKTQW,TQWYK,LGLDK,GRAEV,16,True,2,7,9
857,RRVINRLVA,PFVRR,VRRSS,CRLVI,LVADV,12,False,2,7,9
858,RVPVLDHPI,NVFRV,LDHWW,TGSPI,SPITA,8,False,7,2,9
859,KMEIHWQLG,FESKM,MEIPP,GLLHW,QLGGG,14,True,4,5,9
860,LAKPPHTPG,CGSLA,LAKSQ,EDHPP,TPGLC,4,True,3,6,9
861,NHTEPWTFV,EEINY,EINYM,SGAHT,TFVVV,21,True,1,8,9
862,VSSNTNSLN,EDRVS,TNSYD,VRALN,ALNPL,24,False,7,2,9
863,HASFENGTN,FKIHA,SFENK,AKENG,GTNCS,9,False,5,4,9
864,YQTDCILSD,FPWYR,PWYRH,KKSQT,LSDTS,7,True,1,8,9
865,PPHLALLPT,GPLPP,LALKA,EGDLP,LPTTM,6,True,6,3,9
866,AFRYYGTSM,IINAF,AFRYY,AFRYY,TSMHE,0,False,3,6,9
867,DYIQFRTTQ,VTLDY,IQFDT,GCIRT,TTQPS,18,False,5,4,9
868,PAHGRLGIF,GIFPA,FPANY,GEHHG,GIFPA,0,True,2,7,9
869,RRFQAAVFV,EKSRR,QAADR,VGKVF,VFVEK,3,True,6,3,9
870,PQIMDHCFQ,TRHPQ,HCFYQ,CFYQG,FYQGS,1,False,8,1,9
871,LKVAGLGPN,ELFLK,LGPVE,SGWNL,GWNLF,8,False,8,1,9
872,ETWHQRKFL,VLRET,ETWLI,VRKHQ,KFLQA,19,False,3,6,9
873,SVLPELALQ,VSKSV,KSVFL,IDALP,ALQFL,20,True,2,7,9
874,QGKHDINIF,PENQG,GKHLL,HNRDI,NIFRA,24,False,4,5,9
875,KFNLRAVFT,VESKF,SKFIS,RLHNL,VFTDL,22,False,2,7,9
876,LDSKKDKGI,GDALD,ALDAI,EELSK,KGIYR,22,True,2,7,9
877,KGPPRGEVN,EDTKG,TKGIK,PLIPP,EVNAA,15,True,2,7,9
878,KNKNFPNNK,NGGKN,PNNQS,AGAKF,GAKFS,25,False,8,1,9
879,RSWYLVQLA,IFLRS,RSWRE,TVYYL,QLAAD,15,True,3,6,9
880,NPGQLDLEM,FAKNP,PGQKG,QKGLD,LEMAV,2,False,4,5,9
881,WRSGMDASN,ALQWN,LQWNA,HSFRS,ASNGY,6,True,1,8,9
882,ELKQLREHR,PSAEL,KQLLR,GVPRE,EHRPR,6,False,5,4,9
883,TTSLDVQRW,QDLTN,DLTNQ,TNQTS,QRWQI,2,False,1,8,9
884,YITFQVQQP,DAIYH,AIYHI,EEGIT,QQPLE,12,False,1,8,9
885,CGEPAHYFG,MRQCG,QCGGQ,LQREP,YFGYV,23,False,2,7,9
886,LSKKPEAIS,TQTLS,KPEIP,VTRAI,AISDY,5,True,6,3,9
887,PNRIMLYVY,EGQPN,RIMRL,WDHLY,YVYDG,15,False,5,4,9
888,PSWQHWLSL,LSLPL,SLPLS,SFQSW,LSLPL,0,True,1,8,9
889,NLTSEEADL,SGTNL,LTSEE,MEDEE,ADLRR,25,True,4,5,9
890,KDDIKLTSE,ERPKD,KLTAK,KDCSE,CSERR,10,True,7,2,9
891,IRKLQGQER,WDRIR,GQESI,KSRRI,SRRIE,24,False,8,1,9
892,PGSAKFPFN,VRKPA,RKPAQ,PGGGS,PFNQW,21,True,1,8,9
893,EGLDLASCV,RKAEG,LASCV,LASCV,SCVRS,0,False,7,2,9
894,TSPGYFLQQ,WELTS,SPGHD,LCKYF,LQQWE,3,True,4,5,9
895,IIHPGKGHR,MVTII,GKGSK,EGLHR,LHREG,5,False,7,2,9
896,PLNELLIWM,FPYPL,LIWAC,ACLMK,CLMKR,3,False,8,1,9
897,GSKSPAYTL,VRPGA,RPGAD,TAKSK,YTLVW,10,False,1,8,9
898,SNSEMTCES,LGSSN,SSNLG,MLLSE,CESQT,8,False,2,7,9
899,AISADSVKG,WVSAI,AISGS,TYYAD,VKGRF,8,False,3,6,9
900,GARTVVGID,NAEGA,ARTTP,KGAVV,GIDLG,23,True,4,5,9
901,PGIIIGTIF,LKLPG,LPGGS,LVGII,TIFII,23,True,2,7,9
902,MLKIQADEM,EENML,KIQNK,KPNAD,DEMKQ,17,False,5,4,9
903,ARIGWKLNT,NITAR,RIGEP,RLEWK,LNTGR,19,False,4,5,9
904,ECGKQAHLD,ECNEC,CGKFF,FLTQA,HLDGH,15,True,4,5,9
905,ENEDAVSND,KGTEN,EDAGS,KHIVS,SNDSS,14,True,5,4,9
906,ELGDFPVEP,LAQEL,GDFTD,FYDPV,VEPVD,20,True,5,4,9
907,INTGQKTQI,TQIIL,QIILG,INENT,TQIIL,0,True,1,8,9
908,GGLITLSDA,AAWGG,TLSSY,KLTDA,TDATV,18,True,7,2,9
909,KKFLEMTIE,AFMKK,LEMHQ,NAVTI,TIEDV,9,True,6,3,9
910,GNLPQESAL,GSQGN,QGNLP,DTQLP,SALLP,14,True,2,7,9
911,EGIRETGWK,IPVES,PVESV,SVPGI,GWKPL,3,False,1,8,9
912,DEDESSEDE,EDEDE,EDEVD,GSGSS,EDEDE,0,True,4,5,9
913,KGVDPGSGE,ETPKG,DPGAL,AVPSG,SGETP,2,True,6,3,9
914,RNTGGRGAE,QKLRN,LRNNG,VVLTG,GAEDA,9,True,2,7,9
915,TPTPNDDRN,PDHTP,NDDGK,QLLRN,LRNEV,16,False,7,2,9
916,HNNDDAMKA,RYAHN,DAMLE,SFEKA,EKALR,4,True,7,2,9
917,VVLSPSGSA,STPVV,LSPGP,FPSSG,GSAQV,15,True,5,4,9
918,FSQNTPVPG,RTAFS,AFSLG,PIAQN,VPGQA,16,False,2,7,9
919,DTRVSGSSS,QLLDT,RVSTH,HHGGS,SSSSG,14,False,5,4,9
920,VPRVNFVHH,HREVP,PRVLV,SAANF,VHHLR,11,True,4,5,9
921,GDRTLGLPA,LEDGD,DGDRC,RGCRT,LPALL,15,False,2,7,9
922,GNMISQLRL,CIIGN,MISLF,TFMQL,LRLIY,24,True,5,4,9
923,LEEVSRLQE,AKDLE,KDLEE,LLREE,LQEEV,15,True,1,8,9
924,RTEDGDWAK,QNFRT,GDWYG,YGKAK,KAKFI,3,False,7,2,9
925,AALPDANST,RPAAA,PDASP,LPLNS,NSTTE,25,False,6,3,9
926,DTLGHGEER,ETEDT,LGHVL,EDQGE,EERPR,20,False,5,4,9
927,ELYHYSTST,PYKEL,HYSDS,STVTS,TSTSS,4,False,6,3,9
928,SQQQESVSL,EEVSQ,SVSTL,QHRLQ,HRLQK,24,False,8,1,9
929,EEAPKSYCL,LENEE,EEAVR,SCCPK,YCLEN,2,True,3,6,9
930,LPRPAEVQQ,VSYLP,YLPLS,GDIRP,VQQEV,6,True,2,7,9
931,VTDTTELDD,DITVT,TDTYL,HFSTE,LDDIT,2,True,4,5,9
932,TKGATSQRI,LNYTK,ATSSK,VKFQR,QRIYQ,8,True,6,3,9
933,KKKPNFILA,MTAKK,FILLL,RMFAI,MFAIA,25,True,8,1,9
934,VGDKEAGYE,TPCVG,GDKDS,AAYEA,GYEQC,23,True,4,5,9
935,EGSFQEQIN,QLIEL,LIELD,LEEGS,QINWI,23,False,1,8,9
936,PFDLIARTL,MPLPF,FDLTD,QSRIA,RTLPA,21,True,4,5,9
937,VNWPRAADE,EAAVN,VNWVF,ELNPR,ADEAA,2,True,3,6,9
938,KYDLSKVVL,KKEKE,KEKEP,EELYD,VVLAG,6,False,1,8,9
939,MECKTCVTI,EALME,ECKAK,LSETC,VTIGE,8,True,4,5,9
940,DSDVPEPAE,KSDDS,VPEDK,VPVPA,PAEDL,20,False,6,3,9
941,MTDKTKRQR,VMDMT,DKTEK,SYQKR,RQRMA,23,False,5,4,9
942,KRFRVPRIS,AWCKR,RVPVE,LDPRI,RISIA,4,True,6,3,9
943,MAMFRNAQF,ATEMA,MFRRV,AVVNA,AQFAS,21,True,5,4,9
944,TFGRLQGIF,PQMTF,QGIFP,GNDFD,NDFDN,15,True,8,1,9
945,AAVTCSFHA,KMAAA,CSFSH,ELYHA,YHAGQ,25,False,7,2,9
946,VSWGSDTIL,VGIVS,SDTCS,VQKIL,KILAA,21,False,7,2,9
947,EVDERNELE,RFLEV,ERNFH,WTREL,ELELC,6,True,6,3,9
948,GKDAMDSQK,TLAGK,AMDSV,LDPSQ,SQKNL,21,False,6,3,9
949,TTPPKQPWH,WIHTT,TTPIC,ALKPK,PWHLT,13,True,3,6,9
950,KRCPYTAKS,GRKKR,PYTKH,WLTAK,AKSGR,3,True,6,3,9
951,GSSLVEAPR,SLLGS,SLVAL,AYSEA,APRSM,20,True,5,4,9
952,SLDPDSAAG,KCISC,CISCD,GLRLD,AAGFR,12,True,1,8,9
953,IDETLIGVS,DVSID,LIGDV,LSDVS,DVSID,0,True,7,2,9
954,RKKMKISVI,GSSRK,KISFN,EIEVI,EVIGG,17,True,7,2,9
955,SVEFSILWN,VFYSV,EFSAH,SFQIL,LWNGP,12,True,5,4,9
956,VKTYFYMVS,VKSVK,VKTGS,CLSYF,MVSAW,12,False,3,6,9
957,VRTNVKSKI,VAVVR,VRTPP,DLKNV,SKIGS,23,False,3,6,9
958,PDDICLAEN,ATRPD,DDIHL,AVFCL,AENSV,8,True,4,5,9
959,FADKLNAQL,VADFA,KLNEQ,QKLAQ,AQLEE,4,False,6,3,9
960,ADDCWQRDG,PECAD,WQRAV,AEEDG,EDGPF,7,True,7,2,9
961,HVALSLILS,DLSHT,LSHTQ,RSLVA,ILSML,22,True,1,8,9
962,ALNVTYTNL,FDGAL,LNVDL,ERPTY,TNLNR,19,True,4,5,9
963,VQSLAHSSK,CLTVQ,QSLQP,HVKAH,SSKEQ,24,True,4,5,9
964,AMQNYVLDY,LGLAM,MQNLV,SDTYV,LDYLK,22,False,4,5,9
965,SGKNGALVL,MEDSG,SGKQL,LMENG,LVLTT,11,False,3,6,9
966,KRPVNGATV,NHLKR,RPVSG,GTSNG,ATVSS,10,False,4,5,9
967,AGGGGAQFP,EPPAG,GGGSI,FVNAQ,QFPRF,13,True,5,4,9
968,SGKRGPFDP,PSKSG,PFDDQ,FSGPR,SGPRN,11,True,8,1,9
969,LEYKYSKLF,NQKLE,SKLVM,VGAFT,GAFTA,18,True,8,1,9
970,APRMLSARA,KTLAP,LAPAV,AVERM,ARASN,3,False,2,7,9
971,IQQPQQPTP,QQPIQ,QPTQQ,VSQPA,SQPAQ,9,False,8,1,9
972,HRQMSKLSE,AAMHR,MHRDL,TLGQM,LSESL,20,True,2,7,9
973,PREGPEAEA,EAAPR,EGPVW,ADAEA,AEAAP,1,True,5,4,9
974,TLAPNVTYS,SPDTS,PDTSR,SPDLA,TYSLP,22,False,1,8,9
975,PFLVEFDGY,PEVPF,VPFCY,LSGLV,DGYYL,15,True,2,7,9
976,GPEKSQLGA,SFEGP,PEKVH,NDGSQ,LGALV,17,False,4,5,9
977,PSPPPPSAS,GLPPS,PPPGG,SCGSA,SASPR,23,False,6,3,9
978,FPFHEGAID,PNPFP,FHEGK,TRSGA,AIDMS,9,False,5,4,9
979,NPWWTVIAP,IGPNP,VIAAI,VPSPK,PSPKL,24,True,8,1,9
980,TGPELLHSP,TASTG,ELLLL,LVPHS,HSPLP,18,True,6,3,9
981,ECHGHARDN,TLPEC,ARDAF,TILNE,ILNEQ,15,False,8,1,9
982,LALNVRAGD,KQLLR,QLLRE,DPTAL,AGDVI,22,False,1,8,9
983,WSTASAHTT,FYSWS,TASLD,PTKAH,HTTPW,7,True,5,4,9
984,LQSSKPKTT,VSTLQ,PKTET,VTVTS,TVTSV,10,True,8,1,9
985,KYGIVLDAV,ENVKY,LDAGS,TGVVH,GVVHQ,22,False,8,1,9
986,EWRMMKNRN,LNPEW,KNRPF,DKYNL,KYNLQ,5,True,8,1,9
987,RVAAAVRIG,SQSRV,RVASG,AAGAA,RIGSV,20,True,3,6,9
988,SRNEKNRPR,CHLSR,HLSRQ,ILTRN,RPRRR,7,True,1,8,9
989,LIGAVAMAG,AGALI,LIGSE,MAVAV,MAGAL,1,True,3,6,9
990,LTGLARRLD,RAELT,RRLAD,RLADR,LADRA,1,False,8,1,9
991,RMIDYKQDK,ATSRM,MIDRK,DISYK,QDKNG,15,False,4,5,9
992,YGGYNDGYG,YDDYG,NDGYG,NDGYG,GYGFG,0,False,7,2,9
993,KDMDEVEED,PSRKD,VEEKS,KSKDV,SKDVI,3,False,8,1,9
994,ESGMQRDKA,PQAES,AESEP,SSGGM,DKALY,10,True,2,7,9
995,KLLFQDTYH,LHRKL,RKLAG,CRDLF,TYHRY,18,False,2,7,9
996,ADMGKLTLQ,YYHAD,DMGKV,SYTKL,TLQPG,18,False,4,5,9
997,TSPQPWPLL,APLTS,PWPGF,LAMLL,MLLRL,14,False,7,2,9
998,VPIFLFSKT,FGNVP,PIFHI,VDILF,SKTPQ,11,False,4,5,9
999,LQRWMESWP,VETLQ,MESPS,QEGWP,GWPTL,7,True,7,2,9
1000,LGKESFYDI,FCILG,FYDTF,FSWIF,SWIFV,10,True,8,1,9
1001,TLVHAVSVS,HEGTL,VSVLA,SGPSS,GPSSQ,23,True,8,1,9
1002,QPSKTYSME,CGQQP,QQPVV,GNHSK,SMEEG,23,True,2,7,9
1003,SRNMLGLNK,QPYSR,YSRDM,MVCNM,LNKQH,4,False,2,7,9
1004,KVQLYLADL,ADLKV,QLYAK,QRVLA,ADLKV,0,True,5,4,9
1005,AYKVKREGP,GDGAD,DGADG,VRHYK,EGPKY,19,False,1,8,9
1006,ARLRPEDIA,IAKAR,PEDPV,AIAIA,AIAKA,1,True,7,2,9
1007,QAEAAHPDA,PDAQA,QAEVR,VLLAA,PDAQA,0,True,3,6,9
1008,QPPNPLAKE,SVNQP,NQPVE,SIAPN,AKEEL,21,False,2,7,9
1009,VVQAIVRTG,FIAVV,VRTAG,SRKGG,RKGGE,12,False,8,1,9
1010,SSRPTSAAF,PLQSS,TSALV,QGKAF,KAFFV,19,True,7,2,9
1011,CTLRFLKLE,SGSCT,CTLRT,AVRRF,KLECK,9,True,3,6,9
1012,HSMISQLAY,ARPHS,HSMMT,FFYIS,LAYWF,9,False,3,6,9
1013,DFSQSDTQE,GVGDF,FSQPD,GSTSD,TQEDI,13,False,4,5,9
1014,ALTAVQSEQ,RKMAE,KMAEA,LVALT,SEQGE,23,False,1,8,9
1015,VTSHLMKFP,QSDVT,DVTTS,SSLSH,KFPIM,19,True,2,7,9
1016,TELSLVTVY,PVPTE,LSLAS,ILPVT,TVYDQ,17,False,5,4,9
1017,KSPAKRIIT,TKEKS,RIIIS,AFATA,FATAL,16,False,8,1,9
1018,IGPLQLYAV,VFAIG,LYAVT,LYAVT,YAVTE,0,False,8,1,9
1019,GHHDDDLEY,TSPGH,GHHGY,EEEDD,LEYLW,23,True,3,6,9
1020,RQALQSLRL,EAERQ,SLRQG,NSHLT,SHLTA,13,True,8,1,9
1021,DIRKPQSSF,GLWDI,QSSLL,PSAFH,SAFHS,25,True,8,1,9
1022,LSLSLSPGS,VTGLS,SLSLQ,SLQLS,PGSNR,2,False,4,5,9
1023,IVHRRIKPF,AYLIV,RRIHT,SGEKP,KPFKC,15,True,6,3,9
1024,RIGEKTDPS,MIVRI,IGEKY,LEAKT,DPSIL,7,True,4,5,9
1025,KLLLDAMKS,PYVKL,AMKHS,RHFSC,HFSCE,12,False,8,1,9
1026,CNFYAAYGS,YGSCN,NFYIT,FRDAA,YGSCN,0,True,4,5,9
1027,KGAAFLASD,NSRKG,AAFGF,LCSLA,ASDLS,23,True,5,4,9
1028,SVHFTDLYD,GSLSV,LSVED,ALEHF,LYDIK,23,True,2,7,9
1029,LGCFVGTLP,ADELG,VGTAE,RQCLP,CLPCG,19,True,7,2,9
1030,LTLCALGAA,LLGLT,ALGGG,CRMAA,MAARP,9,True,7,2,9
1031,PGAPPARLL,PLAPG,PGAWG,PPPPP,RLLLL,12,True,3,6,9
1032,SKNEPLLMF,KLTSK,PLLKP,DPVMF,VMFMV,16,False,7,2,9
1033,GARATPVNL,TSEGA,SEGAP,GWPAR,VNLAG,20,True,1,8,9
1034,EVSVISDEE,SFIEV,IEVQS,EVQSV,DEELQ,1,False,2,7,9
1035,IPLVIACLQ,SIAIP,ACLFF,RNKQK,NKQKA,10,False,8,1,9
1036,EREGLQQAS,MASER,REGSG,ASSLQ,QASLK,13,True,4,5,9
1037,NRRSERDRS,GVVNR,RSEKI,IWPRD,DRSAS,4,False,5,4,9
1038,SHLPNLKEN,TDKSH,HLPED,TAENL,KENSD,19,False,4,5,9
1039,AAKMNDFGS,FGSAA,KMNSN,KLVDF,FGSAA,0,True,5,4,9
1040,DNNTTFSVT,GGGDN,DNNPL,DKSTT,SVTIK,13,False,3,6,9
1041,SLPRKLLGG,EFNSL,RKLLQ,QPELG,LGGLP,11,True,6,3,9
1042,ILVECTSAK,DIQID,IQIDI,LPELV,SAKAF,22,False,1,8,9
1043,QKRSLILVP,SQSQK,RSLHS,GKSIL,LVPNE,22,True,5,4,9
1044,TEEMRFLRT,VLHTE,FLREW,EENTK,ENTKE,22,False,8,1,9
1045,NDPNPALHI,LLQND,DPNPD,VRLPA,LHIAA,15,True,4,5,9
1046,KRNIEDTNL,QRNKR,IEDAL,FTITN,TNLPY,17,True,6,3,9
1047,NFGYDLLSE,AQDNF,YDLAA,ETWLS,LSENQ,8,True,6,3,9
1048,TEASPTSNV,ATGTE,SPTAC,SLRSN,SNVRL,15,False,6,3,9
1049,RTSLPEKSC,EIQRT,EKSPL,VDLCD,DLCDD,10,False,8,1,9
1050,VTTCISVTV,IVTVT,TTCDS,ACYIS,VTVPT,22,False,4,5,9
1051,EPHCECHPG,GWLEP,LEPLL,MDAHC,HPGWL,2,True,2,7,9
1052,WEPVDALAQ,LFMWE,EPVLF,AQQDA,LAQPQ,11,True,4,5,9
1053,IIKNRTVVK,NVRII,NRTGP,ALRVV,VVKIL,20,False,6,3,9
1054,GKMVSGQLD,ETYGK,VSGAG,QWRQL,QLDST,15,True,6,3,9
1055,RMLRRLSMA,PLSRM,RRLLR,DVTSM,SMAAR,5,True,6,3,9
1056,ILFYTQPNE,QAYIL,YTQRV,SQHPN,PNEDA,21,False,6,3,9
1057,SFDWSVAIQ,HPASF,DWSSF,ETAVA,AIQTI,7,True,5,4,9
1058,MGGAPGQRG,TGPMG,PMGAM,GPQGA,QRGAH,20,False,2,7,9
1059,KAPGPGPEP,GHGKR,HGKRA,GRGAP,PEPGS,10,True,1,8,9
1060,AAGKSTFAQ,GLPAA,TFARA,RLQQE,LQQEQ,8,False,8,1,9
1061,CCGTPIYGK,SCPCC,TPIEK,DQRYG,YGKRV,24,True,6,3,9
1062,IIKKFVITI,GGYII,KKFKL,LLGVI,ITIPI,12,True,5,4,9
1063,GWRGDDCSV,CVPGW,DCSSE,CQCVP,QCVPG,1,True,8,1,9
1064,ISLSNSAMF,MSDIS,SAMPK,MPKFS,PKFSA,2,False,8,1,9
1065,DKQGSAGGS,AHGDK,QGSDL,LEGAG,GGSDA,4,False,5,4,9
1066,ETVAYFIYM,QLAET,ETVSR,ETLAY,IYMVK,15,False,3,6,9
1067,VYQRVDKAV,PITVT,ITVTG,HVIYQ,KAVGL,17,False,1,8,9
1068,IAEGWLDRF,ALRIA,IAEEL,ASNGW,DRFRR,11,False,3,6,9
1069,LNHRVVENS,TQPLN,VVESN,KLENS,ENSLL,18,True,7,2,9
1070,SADHGNNKS,LQWSA,NNKKG,YIISQ,IISQT,24,False,8,1,9
1071,RGVPDPAGC,TDHRG,GVPGK,LVEDP,AGCVW,11,False,4,5,9
1072,IVEALHRRI,IKAIV,IVEVA,QVSAL,RRIKA,2,True,3,6,9
1073,DLAHLAALQ,KRRDL,LAAEV,GKCLQ,CLQSG,6,False,7,2,9
1074,FIILRSKFW,DTIFI,ILRKQ,GPVSK,KFWAY,16,True,5,4,9
1075,RRPKSKGSD,VIVRR,RPKLN,RLKSK,GSDKD,6,True,4,5,9
1076,SLRRRVWEL,DSESL,SLRCE,NLSRR,WELLM,12,False,3,6,9
1077,GRGFYTAMS,SRPGR,GRGEP,MRYFY,AMSRP,2,True,3,6,9
1078,PGEPGEPGP,QGPPG,EPGAS,VPGPM,PGPMG,24,True,8,1,9
1079,RAPGPQAAT,ERPRA,PQAGP,RLNAT,NATAS,11,True,7,2,9
1080,MTQECYMLT,VGCMT,MTQLF,VISEC,MLTSM,10,False,3,6,9
1081,AAVVAKERV,QLLAA,KERPD,FKIVL,KIVLK,19,False,8,1,9
1082,CSSAQGLES,FEVCS,SSALS,VHLQG,LESLF,11,False,4,5,9
1083,CHPGAFRSN,LAACH,FRSAR,PNPNK,NPNKL,4,True,8,1,9
1084,PPESLSCTE,PKMPP,KMPPY,VLSPE,CTEIP,13,True,1,8,9
1085,PNCCNCIHR,ANNPN,NCIID,DVLHR,LHRHS,13,True,7,2,9
1086,MLLCASIDR,SQGML,ASIEG,ELQDR,QDRLV,20,True,7,2,9
1087,RYLYKTFTK,QKGRY,GRYTE,FGELY,FTKGG,13,False,2,7,9
1088,RWGPGSMKT,HISRW,GSMAM,QRCKT,CKTRN,14,True,7,2,9
1089,TSSYTTVGW,GNMTS,TSSDI,LLCYT,VGWMM,5,False,3,6,9
1090,SPYLSMVSV,HFDSP,PYLLY,RDCSM,VSVYP,16,False,4,5,9
1091,GDIAERVRS,RTVGD,VGDVR,AGAIA,VRSLA,12,True,2,7,9
1092,AACDLLGCL,RAAAA,LGCLG,LGCLG,GCLGM,0,False,8,1,9
1093,GILGALKTR,LRIGI,ILGCM,QLKAL,KTRRP,10,True,4,5,9
1094,EEQEEQIEV,AKAEE,AEEAK,SHVQE,IEVEE,9,True,2,7,9
1095,LFILFHDLP,ISSLF,LFILL,LGELF,DLPKA,9,False,3,6,9
1096,LSHSGLQPT,TGFLS,FLSMV,QKGHS,QPTGF,2,True,2,7,9
1097,RIQIALVTT,NQGRI,IALKR,QDPVT,VTTPL,9,True,6,3,9
1098,ADMLSDQYR,TEFAD,MLSGN,SALDQ,QYRAG,9,True,5,4,9
1099,EELEKLIEE,QQREE,EKLES,RKLIE,IEEME,6,False,6,3,9
1100,QQRFDVSSA,DGLQQ,VSSTS,KQRAQ,QRAQI,7,False,8,1,9
1101,SGVAELLPG,SVVSA,VVSAQ,RTSGV,LPGFQ,21,False,1,8,9
1102,GAVSDQQEH,MFFGA,GAVSS,AVSSD,QEHFN,1,False,3,6,9
1103,RLQDAEEAR,LAQRL,EEAVE,TKHRL,KHRLQ,16,False,8,1,9
1104,GLHSPTAGL,MERGL,TAGKR,FSNLS,SNLSN,5,False,8,1,9
1105,RRREHRQGE,QGERR,RRELV,TQVHR,QGERR,0,True,4,5,9
1106,TLGPPPEKE,PLFTL,PPPPK,QSQEK,EKEKG,18,True,6,3,9
1107,LDLMSLPEL,FKKLD,LDLDN,EEFMS,PELQQ,11,False,3,6,9
1108,SPSFSGKLP,LPRSP,PSFPL,QLESG,KLPRS,1,True,4,5,9
1109,AKSMKGIGT,QQIAK,AKSFK,YKAMK,IGTNE,20,True,3,6,9
1110,KFNPCLAGC,CGCKI,GCKIH,ITYFN,AGCVN,15,False,1,8,9
1111,GAVKANNSL,AFAGA,NNSMS,STKLF,TKLFT,18,False,8,1,9
1112,VMILVSIIH,CEAVM,MILRS,ERMVS,IIHRK,17,True,4,5,9
1113,PLNEAIEKS,KCSPF,CSPFC,LKTLN,EKSLG,9,False,1,8,9
1114,YDVRSDVPE,RQGYD,SDVWS,YMAPE,APERI,10,True,7,2,9
1115,RKIKDHFNQ,KWFRK,DHFCP,PFENQ,ENQFH,4,False,7,2,9
1116,LTKDEQEET,AQELT,QEEEE,GNYTL,NYTLL,18,True,8,1,9
1117,IIHLLEHSV,ELVII,VIIGI,SSIHL,HSVEL,12,True,2,7,9
1118,VRCFETVYQ,QQCVR,VRCCR,DSDFE,VYQQC,2,True,3,6,9
1119,QADCVRLLL,APIQA,IQAKT,DHLDC,LLLQY,18,False,2,7,9
1120,IIKQQLVTT,SKTII,TIIDF,MHAKQ,VTTAK,10,True,2,7,9
1121,SKLKGHDAD,DVDSK,LKGIG,HHLHD,DADSI,21,False,5,4,9
1122,RGPAPGTFQ,RSKRE,SKREV,EDSGP,TFQNI,20,False,1,8,9
1123,SECLQLLVG,IWLSE,CLQRI,LRMLL,LVGTG,24,False,5,4,9
1124,GCKSSLLQQ,SSLGC,CKSTP,KVISL,LQQGE,17,True,4,5,9
1125,QAFSWNWAF,WGAQA,QAFTS,MGDSW,WAFGV,13,False,3,6,9
1126,FNDILYDDF,MMQFN,DILQN,PADYD,DDFVN,20,True,5,4,9
1127,GAEGGEETD,EVEGA,EGGVD,EWLEE,ETDSE,9,True,5,4,9
1128,FNTDEDTNH,MNSFN,EDTKK,QKYNH,YNHCR,7,False,7,2,9
1129,RAIINDNEW,DCMRA,AIIGV,NLTND,NEWGS,7,False,4,5,9
1130,VEAPPSKAS,GVEVE,VEAPS,SKLPP,KASKS,10,True,3,6,9
1131,PFITFGKKE,RQEPT,QEPTN,KSDFI,KKEET,9,False,1,8,9
1132,VIAHPTKEG,GFEVI,IAHCG,YSAPT,KEGSL,5,True,4,5,9
1133,PLGCVSTGS,RGSPL,VSTSL,AFRGS,RGSPL,0,True,7,2,9
1134,DILDTYRDP,QGEDI,ILDAV,MATTY,RDPTT,20,False,4,5,9
1135,MPLRYSVIL,LAAMA,AAMAY,ICNPL,VILSK,10,False,1,8,9
1136,MVLDQDFDI,FLQMV,VLDAR,MGVQD,FDIVR,10,False,4,5,9
1137,EGDSEGPQA,PQAEG,SEGLS,YPGPQ,PQAEG,0,True,6,3,9
1138,FGTFLKNML,VTRFG,LKNNL,PWDML,DMLLV,4,True,7,2,9
1139,RGVEKKIRK,RKHRG,GVEES,TAKKK,IRKHR,1,True,4,5,9
1140,ASELQSLYD,CAGAS,LQSYL,PAVLY,LYDCN,5,True,6,3,9
1141,KRGLGGRRE,TAKKR,GLGGG,GTRGR,RREVR,14,False,5,4,9
1142,AGPEVSFRP,QRTAG,GPEQG,GAPVS,FRPGG,25,True,4,5,9
1143,MNGPASVGK,IMAMN,AMNSA,ILVGP,VGKTS,19,True,2,7,9
1144,TTAESTTTA,TLHTT,ESTLA,PPSTT,TTAAT,19,False,6,3,9
1145,GPYDSNQSN,NSHGP,SNQPH,ITYSN,YSNSH,2,True,7,2,9
1146,ASSLAYGAQ,AQSAA,QSAAS,SAASS,GAQAA,1,False,1,8,9
1147,QEDDLWNLM,CWAQE,AQEPD,NCPDD,NLMTQ,5,True,2,7,9
1148,NWIPCGLMY,CVLNW,PCGQS,IHILM,LMYSY,14,False,6,3,9
1149,LVETVTKST,STVLV,TKSSS,KVVTR,VVTRG,22,False,8,1,9
1150,STREVSQSR,PSASE,SASER,LSLTR,QSRKP,4,True,1,8,9
1151,SKERESEMD,SLQSK,ERETP,QKLSE,EMDSV,11,True,5,4,9
1152,DHVYTGSGQ,GSIDH,GSGYR,RRGQT,RGQTA,6,True,8,1,9
1153,PETEATKAQ,SEKPE,TEAVV,TTQTK,KAQRL,21,False,5,4,9
1154,RASELRSFG,RRVRA,RSFSR,CSPGA,SPGAE,12,False,8,1,9
1155,PVLPFWLMF,WTRPV,PFWKR,SIGLM,LMFQN,14,True,6,3,9
1156,VKQAEKAWK,TWKVK,EKAKD,RITWK,TWKVK,0,True,7,2,9
1157,SSFGSAPPA,QQASS,SAPAQ,QLPPA,PPAFV,4,False,7,2,9
1158,LREGQSALN,VLVLR,QSAPL,VPGLN,GLNYP,23,True,7,2,9
1159,EKKQVSKNC,KVVEL,VVELN,EENKK,KNCRK,15,False,1,8,9
1160,DIFLSQCYS,MWHDI,LSQSV,RLFCY,CYSLL,21,True,6,3,9
1161,FQEHAQYKR,YSTFV,STFVI,ALEQE,YKRDK,23,False,1,8,9
1162,GRGARGAAG,GRGGR,GAAPS,FQVGA,QVGAR,5,True,8,1,9
1163,VCVAFILLP,VTGVC,ILLSK,KSNPL,SNPLR,6,False,8,1,9
1164,IEVGAFNAF,VRKIE,AFNGL,PTQAF,QAFEY,21,False,7,2,9
1165,CGYQGLLFC,GTSCG,QGLDI,PCALF,LFCSP,20,True,6,3,9
1166,GFPGANGEG,GFPGF,NGEKG,GGRGT,GRGTP,4,False,8,1,9
1167,QVGMYKSIL,YNQQV,QVGDC,NGNMY,SILVT,15,False,3,6,9
1168,PETPSAGSW,ASSPE,SAGQQ,GNNSW,NSWPH,20,True,7,2,9
1169,CSMLGRLKE,PHSCS,LGRKI,SKSLK,LKEHV,13,False,6,3,9
1170,TLAHLAHHL,FSYTN,SYTNG,ALYLA,HHLAQ,13,True,1,8,9
1171,APAPGTIDD,HGNAP,PGTPA,QGLID,IDDYK,7,True,6,3,9
1172,SPEKREEYY,FIYSP,REEAW,VFIYY,IYYAV,23,True,7,2,9
1173,LCLEKELDI,DEILC,KELKE,LMADI,ADISK,15,False,7,2,9
1174,LQMRTLFCP,VTMLQ,MLQRQ,GFSMR,FCPSL,5,False,2,7,9
1175,TCCPEGHAH,LPGTC,CCPND,RCQEG,HAHCQ,17,True,4,5,9
1176,MKKVEWEGA,MESMK,KKVKK,PQGEW,EGAVM,12,False,4,5,9
1177,DEQQKMLEK,RQIDE,EQQKM,EQQKM,LEKYK,0,False,4,5,9
1178,GTKVFLKGM,EFDGT,KVFLG,LPELK,KGMGI,19,False,5,4,9
1179,PQGLPTPLS,LSVPQ,LPTQS,PQGPL,PLSVP,1,True,6,3,9
1180,SQQDHSGKV,VSKSQ,KSQLK,ALDQD,GKVSK,2,True,2,7,9
1181,MKLLSIHQD,LAAMK,MKLMT,ALNLS,HQDNT,10,False,3,6,9
1182,SGVVQIFKP,SCNSG,SGVKS,QTLVQ,FKPLT,20,False,3,6,9
1183,PLEEVCVNP,VTFPL,LEEDE,NLAVC,VNPEM,21,False,4,5,9
1184,GRLQSVEES,DLQGR,SVEES,SVEES,EESLH,0,False,7,2,9
1185,VFVGRNTTQ,QYPVF,VFVGH,HKPGR,TTQRH,4,False,3,6,9
1186,RNLSNVEEI,ILCRN,SNVEE,SNVEE,EEIGT,0,False,6,3,9
1187,QRKLYSAVP,YQPQV,QPQVD,GPKRK,AVPGR,12,True,1,8,9
1188,DINYTDCVR,EGLDI,INYSC,NGHTD,CVRLL,17,False,4,5,9
1189,VVGTPSPRR,KSLVV,PSPTL,SLPRR,PRRGR,12,True,7,2,9
1190,FRILGIIDA,HEVFM,EVFMA,RKGRI,IDAIQ,20,False,1,8,9
1191,IIGQHNLDS,SQQII,IGQLS,LLIHN,LDSQM,10,True,4,5,9
1192,RTYLVIDPR,LKMRP,KMRPS,GEPTY,DPRAE,22,True,1,8,9
1193,AEFAAGSGH,GTQAE,AEFNL,LKQAA,SGHLL,23,False,3,6,9
1194,ERRLIGRRY,ADGER,GERLV,ATKRL,RRYDD,22,False,2,7,9
1195,LQSHVEDLE,ESCLQ,VEDPT,SQKLE,KLEAF,16,False,7,2,9
1196,QLRPEDLAG,RIAQL,DLAGL,ALPGD,LPGDL,19,False,8,1,9
1197,SETQIPAPP,LGLSE,TQITS,QGSPA,APPLP,21,False,5,4,9
1198,ILLKEKAMA,AKQIQ,KQIQD,KTQLL,AMAED,11,True,1,8,9
1199,LMEAVKEAL,DRSLM,LMELS,GFEAV,EALAG,25,False,3,6,9
1200,RGHHTFLVN,QEHRG,FLVEE,KLKNE,LKNEE,19,False,8,1,9
1201,PLYCSPITS,WARPL,PITAH,LQVSK,QVSKQ,10,False,8,1,9
1202,KVTAQQRED,GEVKV,VTAEN,LEIQQ,REDFR,15,False,4,5,9
1203,SPPARPQRS,ACLSP,ARPLP,VLRQR,QRSVA,8,False,6,3,9
1204,LAADLQQNP,YFDLA,AADVL,QFLLQ,QNPFP,20,True,4,5,9
1205,PSCLKTEAA,QTPPS,CLKTE,SSGTE,EAATG,21,False,5,4,9
1206,AGAGCFSIK,SIKAP,IKAPC,YLFGA,SIKAP,0,True,1,8,9
1207,TCPMCSERN,TESTC,SERLN,ERLNA,RLNAA,1,False,8,1,9
1208,KRTGPAATV,WLKKR,AATTL,EVAVI,VAVIG,18,False,8,1,9
1209,KWMSSNLHQ,CGQKL,GQKLY,RDFWM,LHQLQ,10,False,1,8,9
1210,ACYIGFHRK,GWRAC,ACYKL,YELIG,HRKSA,23,True,3,6,9
1211,ALDSASGSA,FGCAK,GCAKT,YMGLD,GSATE,19,True,1,8,9
1212,VGICLKFED,DVYVG,ICLNL,KPIKF,FEDVY,2,True,5,4,9
1213,HHKQLTNID,IPQHH,KQLLL,GLHTN,NIDFL,23,True,5,4,9
1214,STRKKMSRE,PLKST,KKMGM,RYPSR,SREAG,15,True,6,3,9
1215,LGNQLVLPA,ALNLG,LGNNG,ASPQL,LPANL,9,True,3,6,9
1216,ILHLASRIV,TSKIL,HLAQS,TNNSR,RIVGL,25,True,5,4,9
1217,LQVLHQNVE,NRVLQ,LHQNN,HQNNV,NVELV,1,False,6,3,9
1218,DNKRQPRRG,LRNDN,KRQVA,PSAPR,RRGRG,8,False,5,4,9
1219,EQILEAAQG,NFEEQ,EAAKS,LVAQG,AQGKV,23,False,7,2,9
1220,HALATLLGR,ADQHA,HALDQ,LHHAT,LGRTG,14,True,3,6,9
1221,NMTHLMVDQ,VSDNM,MVDFS,QERQM,ERQML,5,False,8,1,9
1222,PGPPGDGIK,PGVPG,GVPGV,GLPGP,GIKGP,24,False,1,8,9
1223,RAVLQPAVK,GVRRA,VLQLP,MAAPA,AVKVA,13,True,5,4,9
1224,GQELSSCLT,GWEGQ,GQEAE,TEILS,CLTMP,15,True,3,6,9
1225,LKKATIERG,KEVLK,ATIRK,SAWER,ERGLR,7,True,6,3,9
1226,HKKSKNKRG,HLMHP,LMHPY,NEDKK,KRGVL,19,True,1,8,9
1227,EKPKISDDF,FQSEK,PKISK,NECSD,DDFGE,5,True,5,4,9
1228,VQVEMSQLS,DVSVQ,EMSSA,LTEQL,QLSET,15,False,6,3,9
1229,FDLKSENGG,RAKFD,FDLSE,ISEKS,NGGSG,7,True,3,6,9
1230,LSDKLSLRF,LPVLL,PVLLM,QDVSD,LRFPG,9,False,1,8,9
1231,IHESSPRLP,RDRIH,SSPLD,EPERL,RLPCL,9,False,6,3,9
1232,GIPAGAMGP,GDKGI,GIPGD,AGSAG,MGPQG,16,True,3,6,9
1233,LRKHKLITL,PFELR,KLIDV,LVITL,ITLPF,3,True,7,2,9
1234,AGGDNVTAR,LLSAG,DNVII,WHPTA,TARNV,5,True,6,3,9
1235,GGADSAYYQ,GQTGK,QTGKE,TLRGA,YYQVG,4,True,1,8,9
1236,VNSSAQGIT,HYPVN,VNSIT,FKVSA,GITLT,15,True,3,6,9
1237,NEKMHELRI,LRINE,KMHAG,DGCEL,LRINE,0,True,5,4,9
1238,YNDIAGRLM,KRNYN,YNDPE,HHIIA,RLMVI,18,True,3,6,9
1239,KELYLRHGK,IITKE,KELAE,ILNYL,HGKLI,4,True,3,6,9
1240,RSLSRQPRT,PSERS,SLSLS,HLWRQ,PRTPI,21,False,4,5,9
1241,CLVAAEFWE,MTACD,TACDL,VALLV,FWEQG,17,False,1,8,9
1242,AFFLISFIM,VEMAT,EMATR,FSLFF,FIMYA,23,True,1,8,9
1243,WALKCVVGR,SASWA,KCVKI,YFKVG,VGRHV,8,False,6,3,9
1244,AWMMWAMSS,GSQAW,MMWAA,TVAAM,MSSIT,6,False,5,4,9
1245,NAQTGQLTM,VVPNA,GQLEP,VSGTM,GTMDL,22,True,7,2,9
1246,GVGLLAWNN,SGGGL,GGGLP,EQVVG,WNNCS,8,True,1,8,9
1247,KAGSAHHSG,QRSKA,AGSSA,GSSAH,HSGRS,1,False,4,5,9
1248,LEDLSDYDH,ATFLE,LEDII,FSDLS,YDHVS,21,True,3,6,9
1249,DYSNSVSSG,TYSDY,DYSPS,CLNNS,SSGTY,3,True,3,6,9
1250,EGLELVRFE,YGPEG,VRFPP,IPSER,PSERQ,8,False,8,1,9
1251,KPTAIPGLL,ENKKP,AIPKK,LLFGL,GLLGV,23,True,6,3,9
1252,AVTTYLFEV,EVSAV,AVTTE,PYTTY,FEVSA,1,True,3,6,9
1253,EASGEPVRE,CSLEA,GEPST,SMPVR,VREHT,8,False,6,3,9
1254,WNDLQAAQT,FLSWN,LQATV,QVNAQ,AQTQE,6,False,6,3,9
1255,VYGTKEGNP,ALCVY,CVYNN,LGKGT,GNPYK,18,False,2,7,9
1256,PVSQRARSF,SQGPV,GPVLK,KMPSQ,RSFPL,4,False,2,7,9
1257,TEDLRKYNG,QEYTE,RKYVT,VAVNG,VNGKP,9,False,7,2,9
1258,RKEESDEEE,KSPRK,SDEEE,DSTEE,TEEKS,3,True,7,2,9
1259,CSSHTCPCG,VPACS,ACSHK,PACSH,PCGVP,3,True,2,7,9
1260,FPARNMSRM,FRFFP,FFPRT,DLLAR,SRMLK,10,True,2,7,9
1261,TAANSIVNY,ENTTA,TAAHN,LPENS,VNYDS,6,False,3,6,9
1262,QLPPPLSRL,MGCQL,PLSGQ,ARERL,ERLAK,21,False,7,2,9
1263,FFPVDEFVS,SFSFF,FPVQM,ESEDE,FVSVL,24,True,4,5,9
1264,GIVNTYLLF,VAPGI,TYLFM,LAALF,ALFFF,16,True,7,2,9
1265,QRILEKDKR,MRMQR,MQRLK,WAKIL,DKRTQ,6,True,2,7,9
1266,GTVKKGKVV,GNFGT,KKGYY,QMKKV,KVVKT,5,False,6,3,9
1267,KEKVQRPFI,PTYKE,EKVKK,NYVQR,PFIRM,15,False,4,5,9
1268,GGRPPYYYG,HGFGG,PYYSE,PPGYG,GYGRP,22,True,7,2,9
1269,PPVPDDCPS,RALPP,DCPTP,LPDSN,PDSNE,13,False,8,1,9
1270,VETTKTHNV,WHQVE,ETTPL,SDLKT,HNVHV,10,True,4,5,9
1271,AVVYKLPAL,PAGAL,AGALT,DWFVV,PALRG,14,False,1,8,9
1272,RQYQICKPS,PSKRQ,QICLA,RRTKP,KPSKR,1,True,6,3,9
1273,VSEFSLVPI,ETDVS,LVPCQ,KRGIC,RGICP,24,True,8,1,9
1274,FGGAGGFFG,GACFG,GGFGT,AGGFG,GFGAG,9,False,7,2,9
1275,MEPVRETGS,YMKME,ETGAN,NGTSF,GTSFS,4,False,8,1,9
1276,EKPYECCLA,HIGEK,YECKI,GYTCL,CLASL,11,True,6,3,9
1277,TCGKAFRSS,AFRTN,FRTNS,CNECG,RSSSS,21,False,1,8,9
1278,YSVYCKRQN,MNRYS,YSVDT,SSLYC,RQNSG,19,False,3,6,9
1279,MHQLFRLVL,CEQMH,FRLVL,FRLVL,LVLGQ,0,False,7,2,9
1280,VPQTWGSGF,GDKVP,QTWVG,GILGS,SGFAL,24,False,5,4,9
1281,TSSFTWSQG,LGKTS,FTWGN,PTPSQ,SQGWG,20,False,6,3,9
1282,PEQPQELPG,VELPE,EQPAV,VMAQE,LPGLP,10,True,4,5,9
1283,EILKTLAIE,CNGEI,KTLNE,LNEAI,AIEKS,2,False,6,3,9
1284,EEILRENKQ,KQVEE,ILRLE,KQKEN,NKQVE,1,True,5,4,9
1285,SPSPGPQFS,MPPSP,GPQVY,DSSFS,SFSLH,17,True,7,2,9
1286,HAATSEADP,GQIHA,ATSGR,WIIEA,ADPGK,22,False,5,4,9
1287,CDTECGKSF,PYECD,ECDVC,HKCTE,KSFNE,20,True,2,7,9
1288,RNSCKIRSS,NCTRN,CKISM,THKRS,RSSLC,18,True,6,3,9
1289,REHIKALLA,SGFRE,FREPS,VQAHI,LLALL,5,False,2,7,9
1290,EPPEEEDSC,GPPEP,EEERS,PCYDS,DSCPR,18,False,6,3,9
1291,HVKPIKFCL,MMGHV,IKFED,VGICL,ICLNL,7,False,7,2,9
1292,SGYIHPAQN,ILSSG,PAQDD,LSLNI,SLNIL,3,True,8,1,9
1293,NILSSDLIN,LHRNI,DLIKI,SSDNT,SDNTI,19,True,8,1,9
1294,NIKAVVVLG,PEDNI,VVVTD,LGDLG,DLGCY,11,False,7,2,9
1295,SLAIPAPRR,GATSL,TSLPV,LPVAI,PRRNR,2,False,2,7,9
1296,LRLGGAPAS,LASLR,GGAEP,NFRPA,PASSA,11,True,6,3,9
1297,LSDISPIVS,DCKLS,SPIGR,HGSVS,SVSDC,3,True,7,2,9
1298,VFPGKILNV,RYGVF,VFPLR,PLRGK,LNVRE,2,False,3,6,9
1299,SGYLIGNGV,LGLSG,SGYPK,VVILI,NGVLI,18,False,3,6,9
1300,STSKKSQEV,EVSST,STSNQ,DQDKK,QEVSS,1,True,3,6,9
1301,IPLMLGAAT,WAIIP,PLMYL,FFFLG,AATAY,7,False,4,5,9
1302,LSVLYKLLT,RDKLS,VLYNE,SNVKL,LLTAE,5,True,5,4,9
1303,VFDIKFLTK,EIVVF,VVFKV,DNGDI,LTKGD,22,False,2,7,9
1304,WTMLSSALL,TVIWF,VIWFV,WFVTM,ALLST,2,False,1,8,9
1305,SNKGQTENE,FACSN,NKGFP,CFFQT,ENEIA,23,False,4,5,9
1306,VDAEYHLGD,LDRVD,RVDTW,RCLAE,LGDYG,13,True,2,7,9
1307,LGTASEPEH,DSQLG,SEPEG,SDDEH,DEHVP,23,True,7,2,9
1308,DHSLQDSFV,YKNDH,DHSKK,KKELQ,SFVFD,25,False,3,6,9
1309,LRYSASLRA,SVHLE,VHLEE,PDWRY,LRAGM,7,True,1,8,9
1310,KHEPALRKT,WNTKH,TKHHP,EDVEP,RKTLA,5,False,2,7,9
1311,LGHVGSYLQ,DSELG,SYLQG,SYLQG,YLQGQ,0,False,8,1,9
1312,AFTSGTTGF,FQFAS,QFASE,TIYFT,TGFPK,18,False,1,8,9
1313,PSIHPGKVL,PSPPS,PGKSD,FLCVL,CVLLL,22,True,7,2,9
1314,NWYSELGPI,LVANW,ANWLG,WLGYS,GPIKS,2,False,2,7,9
1315,EHFLVDFYA,SMVEH,VEHLS,GGYFL,FYAPT,9,True,2,7,9
1316,SSWYHDRPF,VSLSS,HDRGW,EAQPF,QPFAH,19,True,7,2,9
1317,FHVIMVGQK,ISAFH,AFHGS,SKLVI,GQKLV,17,False,2,7,9
1318,ICAGLFMHK,IKDIC,CAGTD,AFALF,MHKEL,13,True,4,5,9
1319,SLGGQRTHS,TSPSL,GGQGR,SVQRT,THSLP,25,False,5,4,9
1320,TCGVQTLPQ,LPQTC,QTCDE,FALGV,LPQTC,0,True,2,7,9
1321,DSDEISIAP,YTTDS,EISHI,VNRIA,IAPQD,5,False,6,3,9
1322,IKGNEMALY,NSRIK,GNEDF,SLAMA,ALYAC,14,True,5,4,9
1323,LQFTVLFRA,GSDLI,SDLIT,CTYQF,FRAAG,7,True,1,8,9
1324,NILSLLNWT,SLKNI,ILSGL,GDLLL,NWTSL,3,True,4,5,9
1325,FAYDGAAQI,HNQFA,YDGKD,ADTAA,AQITQ,18,False,5,4,9
1326,HSTLNVSLE,WLEHS,HSTEN,LQILN,SLEDK,13,False,3,6,9
1327,SSSGSASRT,ARSSS,SSSQG,HRAGS,SRTDD,15,True,3,6,9
1328,STREDSSST,LTESQ,TESQL,STPTR,SSTPL,22,True,1,8,9
1329,RMREGKMMQ,CVMRM,REGLN,NVSKM,MMQAH,4,False,5,4,9
1330,LTQSVSVSP,SYELT,LTQPP,QPPSV,VSPGQ,2,False,3,6,9
1331,FDPYLTSTA,APVFD,PYLPR,PDGTS,STATV,15,True,5,4,9
1332,NVEGQNAEI,EIQNV,GQNLQ,RMVAE,AEIQN,1,True,6,3,9
1333,STRNQGVNP,EYSST,NQGRQ,FLPVN,VNPEY,3,True,6,3,9
1334,CLQSEIELG,SLICL,EIEAI,DCTLG,TLGIE,10,False,7,2,9
1335,QMFNHLWTG,GLLQM,FNHTQ,HIGLW,WTGLP,17,False,5,4,9
1336,FLAFTIILK,SMIFL,IILYA,DAPKI,APKIH,17,False,8,1,9
1337,CDASPVTNP,RARCD,VTNNT,HCDPS,CDPSF,8,False,8,1,9
1338,TNHGFPVPP,YNVTN,GFPIY,SMTVP,VPPRR,19,True,6,3,9
1339,RRGTQRGLR,TSLRR,LRRNG,RRNGT,GLRWL,1,False,2,7,9
1340,LHSMPTDVS,PHSLH,PTDGQ,DDNVS,NVSMA,15,False,7,2,9
1341,ANLLTSNMF,KTLAN,TSNYI,FAQMF,QMFFF,10,False,7,2,9
1342,PPCKCPSGY,INLPP,LPPPC,LPKCK,SGYTG,19,False,2,7,9
1343,SFTLARNYT,IASSF,SFTET,DVSLA,NYTVI,12,False,3,6,9
1344,NCWVDEDCP,PLANC,WVDED,WVDED,DCPEG,0,False,5,4,9
1345,GQVFDGPAV,HVLGQ,VFDST,VADGP,PAVEV,20,True,5,4,9
1346,LQVNADVQK,QQQLQ,QLQDI,NTNVN,VQKLQ,4,True,2,7,9
1347,KRIENGIPP,KNHKR,IENSD,DATGI,IPPPT,9,True,5,4,9
1348,LWHAGVRGG,RVELW,HAGSW,ALRVR,RGGED,9,True,5,4,9
1349,DSLPMFGDK,GDKDS,SLPTN,ASPMF,GDKDS,0,True,4,5,9
1350,LEYSASPLC,TLVLL,LVLLN,HRGEY,PLCLP,18,True,1,8,9
1351,KGVGFGRSI,KKVKG,GFGDI,LRPRS,RSIEV,12,False,6,3,9
1352,QLAEKVRLA,SNNQL,VRLRL,DSEAW,SEAWP,24,False,8,1,9
1353,VVIDLNNRW,DHLVG,HLVGN,EKAVI,NRWFN,16,False,1,8,9
1354,VCAPAPCPC,PCPVC,PVCGR,VPAAP,CPCPV,1,True,2,7,9
1355,TLVSKMMDA,SMSTL,LVSSV,YTSKM,MDAIK,24,False,4,5,9
1356,QVFFRYTGT,IVAQV,AQVDQ,KNPFF,TGTTP,16,False,2,7,9
1357,LLFPNKELA,EANLL,NLLNA,MTTFP,ELADE,10,True,2,7,9
1358,EPRDQDAED,MGSEP,DAEKK,EIVDF,IVDFL,15,True,8,1,9
1359,EQELLERRL,EKKEV,KKEVA,KYRQE,RRLME,4,True,1,8,9
1360,LLTGPARRN,IELLL,LLLKS,SIKTG,RRNSY,19,False,2,7,9
1361,TLKGQFTTD,AQATA,QATAQ,FQKLK,TTDFD,8,False,1,8,9
1362,LSQDLNEDP,EDPLS,SQDLP,ISLLN,EDPLS,0,True,4,5,9
1363,DEHIPGSPS,KWGDE,GSPYR,HVGSR,VGSRL,22,True,8,1,9
1364,ALPDKECAE,FVSAL,PDKLD,LDHEC,CAEGG,3,False,5,4,9
1365,SSLGAVICE,EEKSS,GAVAR,ASAIC,ICESE,20,True,6,3,9
1366,QRRYVYYYS,LKAQE,KAQEA,PSQRR,YYSYL,22,False,1,8,9
1367,AIKGVGTDE,IKEAI,VGTDE,VGTDE,TDEAC,0,False,7,2,9
1368,TLRTRLAQR,HTITL,ITLQP,FLART,AQRLI,21,False,2,7,9
1369,GQEAKLYGK,RKWGG,KWGGT,LGQQE,YGKKR,4,True,1,8,9
1370,LGEAMHTVP,TDSLG,SLGKD,ALMEA,TVPVP,10,True,2,7,9
1371,SDLQIDPTG,HGDSD,DLQLE,EHGID,PTGSY,5,True,4,5,9
1372,MFLAVEFTT,PSAMF,SAMFY,AGTFL,FTTLA,22,True,1,8,9
1373,TQLPTTPST,VFQTQ,LPTLG,IHMTP,PSTDF,23,False,5,4,9
1374,SRIIPGGVG,IYISR,GGVAE,TDEGL,DEGLG,17,True,8,1,9
1375,CLESVKIPV,DSSCL,SVKQK,KALIP,IPVSQ,24,True,6,3,9
1376,ARGNPEWPE,RCEAR,NPEPS,SWTWP,WPEGP,9,True,6,3,9
1377,IPAWFLSFL,LWVIP,VIPIL,ILGAW,SFLWV,2,True,2,7,9
1378,DVKGSLAIF,KRPDV,PDVPS,KRQKG,AIFCW,13,True,2,7,9
1379,LSEVCPQLF,GCSLS,CPQAS,YGGLF,GLFSE,16,False,7,2,9
1380,ERKMEKLKA,TFREQ,FREQG,RDERK,LKAKL,18,True,1,8,9
1381,ALNLLLLQI,TVAAL,ALNGL,NALLL,LQILN,25,True,3,6,9
1382,MFKTFPITG,FNLMF,KTFIG,VKSPI,ITGND,11,True,5,4,9
1383,PFPPPPQNT,TTIPF,PQNGI,QEPTT,EPTTT,13,True,8,1,9
1384,DYDPDEHPV,ELGDY,EHPEN,ACIVQ,CIVQA,5,True,8,1,9
1385,QKAGEKPTR,TRGQK,EKPLA,RELTR,LTRGQ,1,True,7,2,9
1386,DNGRTRGRA,ESEDN,RGRFQ,DAGAD,AGADS,24,True,8,1,9
1387,AVYASPEGR,QGLAV,SPENK,KSLGR,LGRNR,8,True,7,2,9
1388,KQLFMTALL,AGSKQ,MTAYF,AAALL,ALLGT,16,False,7,2,9
1389,GSKGLIDGI,GLQGS,KGLPG,LPGID,DGIPG,16,True,5,4,9
1390,LDEYLQLPS,TTILD,DEYGH,PAYLQ,LPSTM,24,True,4,5,9
1391,GQVPCQGPT,TCQGQ,QGQIC,MPMVP,GPTCQ,2,True,2,7,9
1392,EPICLEKEK,MVDEP,DEPPG,DLIIC,KEKEP,12,True,2,7,9
1393,DTRQYGKLD,QPMDT,RQYLY,TVIGK,KLDIV,23,False,5,4,9
1394,NSSGFEQLE,VLINS,SSGLY,SYTFE,QLEQV,18,True,4,5,9
1395,SILLFLCEL,VLLSI,SILRI,LRILF,CELVL,2,False,3,6,9
1396,EDITYCSYC,ECIED,DITNK,RQGYC,SYCRV,19,False,4,5,9
1397,REGGLCLSL,SKNRE,EGGSG,GSGLC,LSLSA,2,False,4,5,9
1398,EIAEAYLGT,KMKEI,YLGGK,AVITV,VITVP,8,False,8,1,9
1399,LEKLCSSAH,MRLLE,SSAAG,YGEHG,GEHGD,21,True,8,1,9
1400,STSPFVREY,YSLST,FVRNR,YLVEY,VEYSL,2,True,7,2,9
1401,KNRSTASIS,TTRKN,ASIQP,QTTSM,TTSMP,22,True,8,1,9
1402,IYSMPGYIR,IVFIY,PGYTC,TCSIR,SIRER,3,False,7,2,9
1403,KEERKESTS,VKVKE,RKEDH,RPNST,STSSR,24,True,6,3,9
1404,IPKDWPLIP,PAMIP,PLIII,PLQPG,LQPGL,7,True,8,1,9
1405,VNQAPEKGA,YMGVN,APEKL,SLEKG,KGALD,9,True,6,3,9
1406,YATVKDYTE,GQLYA,LYAYS,AEVTV,YTEDY,10,True,2,7,9
1407,GVVHMILQE,SFSGV,SGVRK,WETVH,LQELP,14,False,2,7,9
1408,RVQLALSVL,YRERR,RERRL,PGSVQ,SVLHA,24,True,1,8,9
1409,KPLSTLISN,VDIKP,LISVG,DIANK,IANKE,8,True,8,1,9
1410,CRDQGLALC,SEMCR,CRDLA,QFVQG,ALCTL,10,True,3,6,9
1411,SQGMMGINS,SYGSQ,GSQLG,AHSGM,INSYG,2,True,2,7,9
1412,WDLIGHMAD,ALLWD,DLISF,TRDGH,MADTL,24,False,4,5,9
1413,DLERVRKVQ,LRQDL,RVRNL,SVCKV,KVQEQ,17,False,6,3,9
1414,TYMCSSHLC,AIVTY,TYMAP,FSTCS,HLCVV,11,True,3,6,9
1415,MSVIPQAML,HLCMS,MSVTT,EQAIP,AMLQA,11,False,3,6,9
1416,QSSRFTNSK,FKLQS,SSRAF,SRAFT,NSKKS,1,False,4,5,9
1417,SEIRTRDNK,RTISE,ISETI,TVNIR,DNKVH,7,True,2,7,9
1418,HETKQRLQE,ELLHE,QRLMP,KNWQE,WQELL,2,True,7,2,9
1419,GTALKGRSR,KDWGT,LKGCD,VGGRS,RSRRG,13,True,6,3,9
1420,GSNKVPVYR,RIEGS,VPVDP,LYNYR,NYRHG,19,False,7,2,9
1421,PPREKIDPL,RPEPP,EPPPG,RGCRE,DPLVP,18,True,2,7,9
1422,FGHKSRPHF,YRLFL,RLFLS,ISSGH,PHFME,23,False,1,8,9
1423,ELLHWDLLR,SPFEM,PFEMN,LRVLL,LLRWP,23,False,1,8,9
1424,RLNEAATEL,AQSRL,LNEAA,LNQAA,TELVQ,7,False,4,5,9
1425,SFHSTSKNV,ELASF,TSKGY,YSSNV,SNVEL,3,True,7,2,9
1426,PPEENGALK,RGAPP,PPEMP,AENEN,ALKSR,22,True,3,6,9
1427,SSLEKLMEE,TKSSR,KSSRE,NIPSL,MEEIV,20,False,1,8,9
1428,TFLLDAVRQ,CKTTF,AVRNR,EVRQM,VRQMA,9,False,8,1,9
1429,RLEAYTKQK,ETLRE,TLREK,YATLE,KQKYP,6,False,1,8,9
1430,KQVRLNAEK,KLVKQ,KQVQE,PKQRL,AEKAK,4,True,3,6,9
1431,SLFVFPCKK,NPESL,FPCQW,PLLKK,LKKYK,22,True,7,2,9
1432,RECGRNKSH,YVCRE,ECGRG,RGFRN,KSHLL,3,False,4,5,9
1433,EKVAAGLGP,KQPEK,VAATR,EFRGL,LGPLF,17,False,5,4,9
1434,VTWLKWPEP,PGPVT,VTWEP,SIFLK,PEPEN,9,False,3,6,9
1435,RIETILLNL,FYDRI,LLNGT,KTVLW,TVLWP,22,True,8,1,9
1436,TIKIESPGV,CGDTI,SPGYL,LALVL,ALVLA,14,True,8,1,9
1437,KSTTLFFDY,LQGKS,TLFSR,MLDFD,FDYVC,21,False,6,3,9
1438,YLQFKSTPD,ATIYG,TIYGI,PTMLQ,TPDLL,21,True,1,8,9
1439,SEMYRAARA,SKPSE,EMYRA,YRARA,ARAGP,2,False,4,5,9
1440,LMLGAVGEM,NDILM,AVGAF,FQMEM,MEMSQ,15,True,7,2,9
1441,EVILDTLHT,GQLEV,ILDRR,KRLTL,LHTAQ,14,True,5,4,9
1442,AVTTKSQST,STKAV,VTTNS,ADLKS,QSTPH,24,True,4,5,9
1443,LSSDLLDLQ,DSVLS,LSSDS,DSFDL,DLQEN,3,False,3,6,9
1444,TCCRIVQVI,GQPTC,CCRKS,SAVIV,QVITQ,6,True,4,5,9
1445,IYLQCLEEY,YKAIY,AIYGT,DNALQ,EEYLR,5,True,2,7,9
1446,VCHYKPVDF,RRVVC,CHYLE,YDEKP,VDFLE,7,True,4,5,9
1447,KRRQDLGWK,QRKKR,KKRAL,IDFRQ,GWKWV,24,False,2,7,9
1448,GHYGSYYGG,YGCGC,GCGCG,CMSHY,YGGLG,17,True,1,8,9
1449,KIPDESSVR,AKEKI,EKIEG,LGAPD,SVRVA,12,True,2,7,9
1450,KSETSKSIK,TPQKS,KSIVY,SAFKL,AFKLP,25,False,8,1,9
1451,SPRQVVGLL,PPQSP,SPRRP,IKEQV,GLLAW,22,False,3,6,9
1452,SQVSPTSSP,PISSQ,QVSSN,SPHPT,SSPLP,6,False,4,5,9
1453,EQALFQVEN,SDGEQ,EQAKK,SERLF,VENQS,14,True,3,6,9
1454,FMRFDADYA,ISPFM,PFMRK,QNERF,DYAKK,18,False,2,7,9
1455,LGTTKMYST,VKVLG,VLGEN,MCHTT,YSTDD,25,True,2,7,9
1456,RKLFYASCS,SELRK,LFYSA,MASAS,SCSPG,24,True,5,4,9
1457,GYKILYRPS,YIQGY,IQGYK,IQGYK,RPSGA,0,False,1,8,9
1458,HHIYSCQFG,HIQHH,QHHIY,QHHIY,QFGNF,0,False,2,7,9
1459,VRGKYRYQD,THEVR,VRGPE,NVKKY,YQDED,15,True,3,6,9
1460,DMLNVTAEQ,LTQDM,DMLLP,AYHNV,AEQLF,17,True,3,6,9
1461,CNISARIEE,QCECN,CNIKV,SQYSA,IEENI,17,False,3,6,9
1462,ARAMGADVD,VWAAR,AARKG,HLLAM,DVDQE,11,False,2,7,9
1463,TGMDLPDSS,HQTTY,QTTYN,REEGM,DSSGL,7,True,1,8,9
1464,LPAPANPNT,TTSLP,APATP,VTPNP,PNTTS,2,True,5,4,9
1465,SYVRPGKRH,DLHSY,YVRPA,REIPG,KRHRL,15,True,4,5,9
1466,GPSCEYLAH,PQGGP,CEYYL,HRVLA,LAHEL,7,True,6,3,9
1467,RARFARNET,KIKRA,ARNRQ,SLPET,PETLT,25,False,7,2,9
1468,TVKCSPEGG,RSQTV,KCSCL,LHRPE,EGGTC,21,True,5,4,9
1469,DKVMNLWEK,STEDE,TEDEE,LLQKV,WEKKG,6,False,1,8,9
1470,QSFLLQHTR,REHQS,QSFRK,WAVLL,HTRQQ,15,False,3,6,9
1471,LGGRLKELC,TLALG,ALGYV,DKIGR,ELCEQ,18,True,2,7,9
1472,DCGKSFPYE,ECNDC,KSFTH,GEKPY,PYECS,17,False,6,3,9
1473,LPYHYIQQV,ICWLP,PYHIY,RWKYI,QQVYL,16,False,4,5,9
1474,QAQSAPPTS,TSTQA,QAQQK,EEPSA,PTSTQ,1,True,3,6,9
1475,PQDTKLYVL,LTKPQ,DTKLH,HMALY,YVLQA,4,False,5,4,9
1476,RATGLSLFG,LHVRA,VRALA,IINTG,LFGLP,15,True,2,7,9
1477,HEASKAHLN,MVRHH,VRHHL,QIFEA,HLNLV,21,False,1,8,9
1478,QPPLSLSVE,SPPQP,QPPND,AQNLS,SVELT,23,False,3,6,9
1479,EIIKGRIIL,IILEI,EIIEG,LSVKG,IILEI,0,True,3,6,9
1480,IAFDCPSEL,PIKIA,KIAAV,ADEFD,SELQH,15,True,2,7,9
1481,SSPECLESD,SAQSS,PECAA,RRPLE,ESDQG,6,False,5,4,9
1482,IGAYFGASE,GTQIG,GASLC,GMWES,MWESN,9,True,8,1,9
1483,ARSVISLVG,QIHAF,IHAFV,VLFRS,LVGFV,18,False,1,8,9
1484,DGTAGAPGL,QGQDG,APGLL,ALALA,LALAL,11,False,8,1,9
1485,RSASTGIIH,DHLRS,SASSL,KGNTG,IIHGA,9,False,4,5,9
1486,DLAWPRTPV,LEDDL,LAWQS,PSEPR,TPVGS,13,True,4,5,9
1487,IKTAFDPDI,RFPIK,DPDVG,EIKIG,IKIGE,11,True,8,1,9
1488,GGKHGRRVL,LDLGG,GKHSP,PRQGR,RVLLL,15,True,4,5,9
1489,TEKSDAVKR,HHGTE,DAVCS,FLGKR,GKRVE,5,True,7,2,9
1490,HLRDKGEEK,QKKHL,KGEDD,LQQEK,QEKAE,20,False,7,2,9
1491,SPSEANFEY,RPFSP,ANFRH,SHMEY,MEYPC,9,False,7,2,9
1492,SRGSHSQEM,AFPSL,FPSLS,TQGRG,QEMRY,23,True,1,8,9
1493,GERADSEKW,PVGGE,GERME,NSNAD,EKWVA,20,False,3,6,9
1494,LAVVDFRKK,HWCLA,FRKKN,WTKKV,TKKVD,20,True,8,1,9
1495,HNGETLSVK,RITHN,ETLYE,HAVSV,SVKMH,18,False,6,3,9
1496,ARYQALFHD,QHLAR,RYQAL,RYQAL,FHDFI,0,False,4,5,9
1497,HTESGSGER,DFQHT,SGSHS,TALGE,GERTK,9,True,6,3,9
1498,REVNTFVCE,DLMRE,TFVKN,AHLCE,LCEET,25,False,7,2,9
1499,QLGVAMGRW,RKWQL,GVAFL,AHKMG,GRWLC,21,False,5,4,9
