,sequence,distance,reversed,length1,length2,length
0,LKWLEAIRT,6,True,2,7,9
1,FPSCTETVA,12,False,4,5,9
2,ETLERLSQL,7,True,1,8,9
3,HVAAHGPTR,13,True,5,4,9
4,PGLYGTPDN,20,False,1,8,9
5,RRKPGIGDA,7,True,7,2,9
6,VGGAANSDL,9,False,3,6,9
7,YLLGSNPPA,19,False,7,2,9
8,DHECEKNFC,7,True,4,5,9
9,GSYQIIQTV,25,False,5,4,9
10,FSGPKPKEK,13,False,7,2,9
11,CALLNGREM,0,True,3,6,9
12,LSGRNPLLN,13,False,7,2,9
13,GWPCKITGK,7,False,6,3,9
14,GGTRPKAII,5,True,4,5,9
15,FKQIRKMEN,24,False,5,4,9
16,LWYGWAGFF,13,True,1,8,9
17,ALETSTESL,25,True,3,6,9
18,SSGSNETQE,2,True,6,3,9
19,RLTWDPTGY,5,False,7,2,9
20,ICEFRHLLG,2,True,3,6,9
21,KPSDKGDAP,18,True,2,7,9
22,QTIVLMYEK,14,True,6,3,9
23,QTGWVYLLQ,3,True,1,8,9
24,KKELEHYKF,7,False,5,4,9
25,PLSRPTASQ,10,True,2,7,9
26,LASVDENYE,18,True,3,6,9
27,IFAEAKCIA,12,False,5,4,9
28,SSVARSTPT,2,True,7,2,9
29,APYKSVTSS,1,True,7,2,9
30,AGFSCLVLP,25,False,4,5,9
31,DAEGVQCWC,1,True,4,5,9
32,LSGHRKKGE,22,True,5,4,9
33,KTGRTKVSH,12,True,2,7,9
34,YDLDTMYRT,5,True,6,3,9
35,AEKDVNTSL,7,False,2,7,9
36,DQPLEADRG,11,False,7,2,9
37,ASRKDLLRK,18,True,4,5,9
38,CPGGESPEG,22,True,4,5,9
39,NNMNLRYIV,15,False,3,6,9
40,QILEMIVFV,18,False,4,5,9
41,WVLPEIVPN,2,False,5,4,9
42,REWGPIFFI,19,False,7,2,9
43,DAKKSMGEA,3,False,6,3,9
44,VGRLYCLGQ,19,False,5,4,9
45,PDIVVRNWM,11,True,4,5,9
46,APDHWLKNG,8,True,6,3,9
47,SAGTPRPRL,14,False,1,8,9
48,IIATFLFDL,11,False,4,5,9
49,PGLPALAAA,4,True,7,2,9
50,TTSFTTSTT,11,False,7,2,9
51,SVHSGTTIQ,11,True,6,3,9
52,SLVLPFYQQ,16,True,6,3,9
53,SRQENAAFS,15,False,2,7,9
54,LNFLILVVA,8,True,7,2,9
55,DRTFESSQI,0,False,6,3,9
56,ALPGSSTLG,25,True,5,4,9
57,QVRRCTCLL,13,True,1,8,9
58,PKRGTTSRP,21,False,3,6,9
59,RVLATGHDA,19,False,8,1,9
60,EVQLPTNAG,12,False,3,6,9
61,ILQAKVEGL,16,True,2,7,9
62,YQADLESEI,13,True,8,1,9
63,STSELHTPM,7,True,4,5,9
64,STYYNPSPP,14,True,7,2,9
65,CLSPSLQHE,9,False,8,1,9
66,LQYAGAEFE,22,True,7,2,9
67,NRQATPSRA,23,False,6,3,9
68,NTAGFEGYE,21,False,8,1,9
69,ALMLRVHAK,23,False,4,5,9
70,YMKLHYYLV,16,True,5,4,9
71,GGSCQGSLS,15,True,2,7,9
72,FQVSARDEL,4,True,7,2,9
73,DQRPPRPAT,17,False,8,1,9
74,ADVDEHLQH,17,True,3,6,9
75,LHVALEVAE,11,False,8,1,9
76,GDVHGTPAD,24,True,8,1,9
77,NLRTIPNDE,15,True,1,8,9
78,SMEAEIAHL,19,True,1,8,9
79,FPDSVLPLA,5,True,1,8,9
80,AAASRLLGR,2,True,6,3,9
81,IDAFTTSNK,1,True,5,4,9
82,ALRNVAQRQ,23,False,8,1,9
83,PYYGSGSTG,19,False,2,7,9
84,LSQGRNSLW,0,True,2,7,9
85,IGPRFSNLV,6,False,7,2,9
86,SDSQVQRVS,1,True,5,4,9
87,KIYTFFHAS,1,False,2,7,9
88,MSPYCGMHV,8,False,8,1,9
89,VCHPDRSRR,10,False,4,5,9
90,SSECSDTDG,0,True,8,1,9
91,LAAILDRYY,18,False,3,6,9
92,CLHSPDRDA,4,False,1,8,9
93,ARRFSAVAI,2,False,3,6,9
94,TITIWLFEV,0,True,4,5,9
95,PGAIKCPGN,1,True,1,8,9
96,ENTGEGRQT,5,False,5,4,9
97,VGLVGLNVI,1,False,3,6,9
98,AQMFTVYTE,24,False,6,3,9
99,GFGVPPPNN,18,True,4,5,9
100,TEPADHTAS,8,True,3,6,9
101,APVTPSYRS,17,False,6,3,9
102,DERTYEVPD,21,True,1,8,9
103,KVFDKDGRW,0,True,8,1,9
104,CNRDCSIAL,3,True,1,8,9
105,LENEVRCEA,25,True,5,4,9
106,PKKPSPLVR,17,False,2,7,9
107,FFETVDLNP,20,False,4,5,9
108,PATGDSLSE,11,True,5,4,9
109,LEKRKDLQD,15,True,3,6,9
110,KPRSSRQPF,1,True,6,3,9
111,QPWDPQMCS,6,True,7,2,9
112,AAEKMRSRE,14,False,6,3,9
113,REQLVSNRL,22,False,4,5,9
114,LLRLANQLR,15,True,8,1,9
115,VCIPPYPCN,23,False,6,3,9
116,HLTLPKKQQ,24,True,7,2,9
117,PQAPTAPAP,2,True,7,2,9
118,NRMVRHSIP,25,False,2,7,9
119,DTLFQQARA,10,False,1,8,9
120,QEASSWGQF,11,False,1,8,9
121,FSLKKDRVD,19,False,5,4,9
122,RGSYLDKAI,18,False,5,4,9
123,TFGTDLANT,18,False,2,7,9
124,EGMAYLKAQ,0,True,3,6,9
125,EAPNFFEKQ,15,False,6,3,9
126,GATVCKIPP,22,True,1,8,9
127,GPYIQSPVS,19,True,6,3,9
128,SHVLLIDAA,5,True,4,5,9
129,RYKVILIGL,14,False,4,5,9
130,AVSVHQKLS,14,True,8,1,9
131,RRSKGRAKV,13,True,7,2,9
132,MNPREACFD,4,True,2,7,9
133,VDVLNDGGE,0,True,2,7,9
134,DFCFFQGGG,3,False,6,3,9
135,HTAAENGEL,25,False,2,7,9
136,EKGPVTYIQ,9,False,6,3,9
137,TLFPKDVQL,8,True,8,1,9
138,NTALNEGTS,5,False,4,5,9
139,GGGGGEKKE,11,True,4,5,9
140,VIFISDKHT,18,True,5,4,9
141,TVSAHKIIA,8,True,2,7,9
142,ILEPGGRLA,21,False,2,7,9
143,PLVCTDIAY,25,True,3,6,9
144,QRSLYKEWD,5,True,6,3,9
145,WNRRYKCSS,25,False,2,7,9
146,DTALATSSM,15,False,7,2,9
147,AFKALEPMT,7,True,3,6,9
148,NSKGSSAAS,17,True,6,3,9
149,GGGRPTQCH,14,True,6,3,9
150,DGIQKKKRY,24,True,1,8,9
151,VGGGGWDTL,19,False,2,7,9
152,VVFSILHCG,18,True,1,8,9
153,QAYKAVRAD,0,False,2,7,9
154,DFHFNQVLI,10,False,3,6,9
155,LLSAQLSAA,14,False,4,5,9
156,PQASAPALA,0,True,2,7,9
157,EVQTHISEV,3,False,1,8,9
158,RPVPATLPN,23,True,4,5,9
159,KKATSAVTS,25,False,2,7,9
160,KKPKQLLNK,6,True,6,3,9
161,IRLPLLPPL,6,True,8,1,9
162,EDPQGRTEE,17,False,3,6,9
163,KWSSLLPAD,1,True,2,7,9
164,PYLKMLLGL,25,True,4,5,9
165,SLALNTLGH,23,False,4,5,9
166,IRPPPSSVE,23,True,7,2,9
167,DCADPASDD,22,False,3,6,9
168,GATVDTAMH,7,False,5,4,9
169,PDEDMSPSH,12,False,5,4,9
170,KSKKYRGYT,3,True,4,5,9
171,SSLGTATAL,20,True,4,5,9
172,GDEIIKDSK,11,False,4,5,9
173,EIQVSKLQM,22,False,3,6,9
174,EAKQVSAHG,13,True,3,6,9
175,PRPEPHERH,21,False,6,3,9
176,GPACGTGLY,5,True,7,2,9
177,SCTPEHGQE,16,False,4,5,9
178,SGRAGGDPR,21,True,7,2,9
179,KLLPHLVDK,20,True,5,4,9
180,GVTVTMKKC,4,True,1,8,9
181,HTLFTGNEI,25,False,4,5,9
182,HTLLDGKNG,15,True,3,6,9
183,VQQPDKRPK,17,True,5,4,9
184,PSAHSSITP,14,True,8,1,9
185,ANASLVGAA,7,True,6,3,9
186,GDSEIHTDY,21,True,5,4,9
187,IYEVSAARE,18,True,3,6,9
188,IAGVIFEAS,12,True,4,5,9
189,GLVGEILDN,18,True,6,3,9
190,ISAILELLQ,20,True,3,6,9
191,KVYTKSSHL,0,False,7,2,9
192,EGWKAGHFN,21,False,5,4,9
193,LTVEEGQDL,8,True,7,2,9
194,QGFFFTLDN,11,True,3,6,9
195,FDNCGTLYD,0,True,5,4,9
196,QKPEGRKKN,8,False,5,4,9
197,DAMADIRDL,11,True,7,2,9
198,LGNIFHKDP,9,True,2,7,9
199,GDKPYECKQ,1,True,1,8,9
200,DVLCPRNST,11,False,3,6,9
201,PTAGKSSSI,8,True,2,7,9
202,GNQVEYQLP,9,False,4,5,9
203,CLAYRVQDL,0,True,5,4,9
204,DVVTMRIFP,8,True,5,4,9
205,EGCLVLSVV,9,True,2,7,9
206,RQYRSAAGN,4,False,6,3,9
207,ECGPEALLP,9,False,6,3,9
208,KWAARYTCH,9,False,4,5,9
209,DFKGQHAPY,17,True,4,5,9
210,AVEKKYADI,13,True,4,5,9
211,DVYNQKLQQ,13,True,2,7,9
212,REWITHDRL,24,False,6,3,9
213,KELPGQTAT,6,False,7,2,9
214,KREEQRRRI,2,True,8,1,9
215,DIIGSPSSE,9,False,5,4,9
216,LSLKVVKAA,12,True,1,8,9
217,TNIQAEIKD,13,False,7,2,9
218,EKKFGEQQK,22,False,5,4,9
219,LGFVLQLVL,9,False,4,5,9
220,LKVLSVPES,6,True,2,7,9
221,KLLRTLLHI,24,True,5,4,9
222,IRESSRPGT,21,False,2,7,9
223,QALKYENPT,25,True,6,3,9
224,QYTETRERE,8,False,5,4,9
225,MFAPCSAVL,3,True,7,2,9
226,ALSLAAVLV,17,False,7,2,9
227,LLDNYSLAD,16,True,6,3,9
228,DSGYNSTSS,2,True,5,4,9
229,MHIANKSLP,2,False,3,6,9
230,LHKTAYGNM,16,False,4,5,9
231,TDTEKIFGN,4,True,6,3,9
232,VPVPAVEGL,8,False,3,6,9
233,GVPSVSPSM,23,True,2,7,9
234,NSPRFPRPD,22,False,8,1,9
235,GFKDQIMFV,10,True,6,3,9
236,TAVTGRFIE,11,False,8,1,9
237,ILGKVCIIE,7,True,3,6,9
238,LNEYTAREG,20,False,1,8,9
239,DSEKKRWLN,21,True,8,1,9
240,HYINPCHRS,11,False,5,4,9
241,AGTVSGPDS,10,False,1,8,9
242,WDGKLEYPR,8,True,8,1,9
243,LAVAGIGLV,25,True,7,2,9
244,RAIADYLKE,13,False,7,2,9
245,EAQNSKITG,8,True,4,5,9
246,ELTDTISFD,9,True,3,6,9
247,VWGQEATEK,13,True,2,7,9
248,NALTAKVVS,13,True,6,3,9
249,CGKAFSGKS,23,False,6,3,9
250,IQGQGQQLM,20,False,4,5,9
251,SGIAHILLG,1,False,8,1,9
252,AHELMNDWS,6,False,3,6,9
253,LGSGGNVTK,21,True,7,2,9
254,RHLIELAGS,5,False,7,2,9
255,FGTCAISTM,20,True,6,3,9
256,LAIASDKLI,14,True,7,2,9
257,LPDKPSSTG,4,False,7,2,9
258,QLVECCKIK,4,True,1,8,9
259,LSDFYNSYT,4,False,5,4,9
260,RVQALEGVS,19,True,3,6,9
261,SRMGVAELR,4,False,7,2,9
262,CQGLAVAGD,23,True,1,8,9
263,KSKMTDSSG,22,False,5,4,9
264,PSKNGLKGP,18,True,8,1,9
265,STLLSCTLL,15,True,5,4,9
266,KAKNVAEDE,9,False,8,1,9
267,ERRMTRWVP,7,True,4,5,9
268,TLKLDGSTH,17,True,1,8,9
269,RQQQQPQQE,20,True,5,4,9
270,VRVNPSDRY,18,True,1,8,9
271,ATRPGLLKG,14,True,6,3,9
272,QSQIKKKTM,3,False,6,3,9
273,LFEKAFSHI,14,True,3,6,9
274,DMNEGGYNT,13,False,1,8,9
275,HTQQSKPIQ,9,True,5,4,9
276,LIRDGESCF,14,True,5,4,9
277,RRFVGCFVQ,3,False,2,7,9
278,TQKVAVSTC,19,False,3,6,9
279,WRPYYSYKL,0,True,8,1,9
280,IPEGERNSP,19,False,2,7,9
281,DSGIPEIQR,22,True,5,4,9
282,SFFIITYSA,9,False,6,3,9
283,LYCLHILGI,5,True,1,8,9
284,PDSAQSNVA,25,False,5,4,9
285,TAALGLRPG,25,True,8,1,9
286,GIVTDLGEV,22,False,6,3,9
287,YYWPPEMIG,8,False,4,5,9
288,LVKILKLTN,3,True,7,2,9
289,FAAQLTLQR,11,False,2,7,9
290,PEEGTPLWR,0,False,2,7,9
291,RAREVERLA,15,False,2,7,9
292,FCDIPAMLL,11,True,8,1,9
293,PRKIDLCLS,16,True,1,8,9
294,EPQGREAPK,9,True,8,1,9
295,PRELPKVVV,16,False,3,6,9
296,SSMRRRRHA,0,False,7,2,9
297,FFFIVTDCM,20,True,4,5,9
298,RSCPPQYGG,15,True,4,5,9
299,YICDSSPAA,25,False,3,6,9
300,LPQLVPRTR,8,True,7,2,9
301,GLPLSSVPA,0,True,2,7,9
302,DILAHKALC,15,False,2,7,9
303,CMDGSDRTC,8,False,6,3,9
304,KRTLRRTSL,2,True,1,8,9
305,VQLLYGNHV,22,True,1,8,9
306,WAFAEQRAS,24,True,1,8,9
307,SSGSPVPSA,15,False,7,2,9
308,VQTILTFPN,6,False,7,2,9
309,VGKTSYSKI,21,False,5,4,9
310,WCYPRCIFP,21,True,2,7,9
311,LEMNFLGWI,25,False,1,8,9
312,FLPDEQHHM,10,True,5,4,9
313,KVTIFFERG,5,True,5,4,9
314,VMRVTLLGQ,16,True,5,4,9
315,LEVEPSDTT,2,True,8,1,9
316,GTPRCWPRG,12,True,2,7,9
317,MLRAQSMRH,2,False,4,5,9
318,QQGPHSSAR,17,True,5,4,9
319,GRCSRVYIT,17,False,2,7,9
320,RRNPALFPR,2,True,1,8,9
321,MLLVKILAS,9,False,5,4,9
322,PSTSPSSPP,4,False,7,2,9
323,FGFPWGPWT,5,False,7,2,9
324,GEVLKTYLL,8,True,7,2,9
325,APWVPPFIL,21,False,5,4,9
326,TASSTTSIV,12,True,1,8,9
327,QPTTSSARR,8,False,2,7,9
328,RGFTHRGSE,8,False,1,8,9
329,LATAGPEPQ,15,False,8,1,9
330,GMIVRSIIH,0,False,4,5,9
331,EGYLNQDYE,9,False,2,7,9
332,VVSIVASQK,8,True,5,4,9
333,LGCVVAFLL,9,False,7,2,9
334,SRELLDEDP,5,True,7,2,9
335,FSGNYSFIP,16,False,1,8,9
336,IMKPKPLCS,6,True,3,6,9
337,TLQAYSSAG,10,True,3,6,9
338,FGDFSVHVT,21,False,1,8,9
339,NEIRSLCKA,13,True,6,3,9
340,QLNPRCKGM,25,False,3,6,9
341,NLLGFPKGA,21,False,4,5,9
342,FMILLSVEH,8,True,6,3,9
343,AAVRELKKT,4,True,2,7,9
344,GLIAVCLVG,1,False,3,6,9
345,RAPHFMSLP,9,False,6,3,9
346,TSIKMIVSF,19,True,6,3,9
347,GGGGLHEHF,11,True,6,3,9
348,SDLEYDSKM,14,True,4,5,9
349,GGTGQRRLA,6,False,5,4,9
350,FLMEQLANY,8,False,1,8,9
351,DVSQFDTRH,23,True,8,1,9
352,RTIRETVLV,5,False,5,4,9
353,TPKFPTECF,20,False,1,8,9
354,PLQPPPAAT,2,False,1,8,9
355,GRLSICTSS,14,True,4,5,9
356,LCVGPPLPM,9,True,5,4,9
357,RYGYVMKKA,15,False,2,7,9
358,HFELQKDNF,4,False,2,7,9
359,MVEVQAKLK,16,True,5,4,9
360,DVNEEKEER,11,False,6,3,9
361,LDSSLTPPS,13,False,3,6,9
362,RLALPDPCK,4,True,1,8,9
363,CSPGGVWLF,17,True,8,1,9
364,AIFRQSLQV,4,True,4,5,9
365,QLSRASSVQ,21,False,7,2,9
366,TGAHKAEKK,2,False,1,8,9
367,QKELDFIKR,1,False,1,8,9
368,GPVSRTFVR,0,True,8,1,9
369,PDRDIELDQ,11,False,6,3,9
370,LVLEILQEA,1,False,3,6,9
371,PIKVQSFIQ,7,True,3,6,9
372,LRMTSCSLS,0,True,3,6,9
373,SLDMAKSFP,2,True,2,7,9
374,NISKLFLEK,4,True,6,3,9
375,LLGAKEYSY,14,True,8,1,9
376,QNTLKAKAL,5,True,2,7,9
377,TQTLDTRET,2,True,8,1,9
378,GTLDSEEPR,5,False,5,4,9
379,FLIFGILSI,10,True,3,6,9
380,VADKCCWSP,0,True,3,6,9
381,LVCIHRSIK,10,True,2,7,9
382,PMEISTTIT,12,False,6,3,9
383,RERPPLDVD,20,False,2,7,9
384,MDKASSYRK,5,True,5,4,9
385,LPRAKSSPP,18,False,5,4,9
386,GAPPPLSFS,1,False,1,8,9
387,KEHIPSVEP,7,True,1,8,9
388,TMNELEVSE,3,True,5,4,9
389,KEQAVELAC,23,False,3,6,9
390,PADSEAGPG,4,True,7,2,9
391,MLVRRTLKT,17,True,7,2,9
392,SQPLVQFHI,8,True,7,2,9
393,QREFTASAA,20,False,4,5,9
394,HDGDFPNLV,9,False,5,4,9
395,SGNLAASAA,2,False,5,4,9
396,ITFEIGVLS,25,False,6,3,9
397,ATGEQLRLR,15,False,2,7,9
398,RDISAQESP,21,False,7,2,9
399,IIWFLLKDG,14,False,4,5,9
400,EDDLSRLQT,10,True,2,7,9
401,VLNIDLAPE,25,False,8,1,9
402,IRFQDGLVC,16,False,3,6,9
403,NQTGSKTLN,8,True,2,7,9
404,HKPSLLAHP,5,False,1,8,9
405,DQYFMLIEE,22,False,5,4,9
406,NSVQVEGDD,12,False,3,6,9
407,KVKDNKKNI,19,True,8,1,9
408,ENDLKAEYE,7,False,3,6,9
409,ADYENHTKL,3,False,7,2,9
410,NAGPLHDTE,10,False,3,6,9
411,ILLLYRDVT,1,True,3,6,9
412,LQKTMAAGL,12,True,7,2,9
413,KQMHVGGIL,17,False,6,3,9
414,KMKTVTNTT,24,False,2,7,9
415,EKAKLGQLN,25,False,6,3,9
416,WQHRILVHI,23,False,6,3,9
417,RKETCSNQQ,6,True,2,7,9
418,PESSPGRDS,14,False,1,8,9
419,ESFFEHDGQ,8,True,1,8,9
420,DNMIVTGGL,4,True,1,8,9
421,APSNVLSLP,6,False,7,2,9
422,PSKPAPGTC,11,True,2,7,9
423,GCADNSLCV,22,False,1,8,9
424,QDPESAWIL,1,True,7,2,9
425,NEKSISPLL,10,True,3,6,9
426,FMCVNTPLR,1,True,2,7,9
427,VYDFPRNID,18,True,1,8,9
428,DCLDRTNVE,8,True,8,1,9
429,CPVAGCCHS,10,True,7,2,9
430,TRVRQLERL,15,True,7,2,9
431,GEDASMNRE,19,True,4,5,9
432,GPRSFHRLQ,13,False,8,1,9
433,TQALENMNS,9,True,2,7,9
434,AERLARLPS,14,True,7,2,9
435,KQFIAAGSF,5,True,6,3,9
436,ADLDDISQI,17,True,2,7,9
437,SSKATEERL,3,True,2,7,9
438,FLFTGVCSI,6,False,4,5,9
439,PDAQIKQLL,19,True,2,7,9
440,HSSRGFRLI,10,False,3,6,9
441,MHRVGSPNA,14,False,7,2,9
442,NAIASITCL,11,True,6,3,9
443,VRFKKVPNL,1,True,7,2,9
444,VSNEISNSV,19,False,8,1,9
445,FKNNTAPKG,8,False,6,3,9
446,PMAAPASLS,4,False,7,2,9
447,TAENAEPDY,18,True,6,3,9
448,KRSGKSLCD,11,False,7,2,9
449,HRDPVNAAF,16,False,4,5,9
450,PAFGRRRPR,19,True,5,4,9
451,QTSLPTHTQ,20,True,4,5,9
452,HVNNSIDAA,15,False,5,4,9
453,QVEEPASKL,22,False,6,3,9
454,FNLSLSHSN,0,True,2,7,9
455,EGDEFEGIL,12,True,5,4,9
456,ATGSTFGLD,18,True,3,6,9
457,KVLGKALSE,16,True,8,1,9
458,NDQGNYSPT,19,False,8,1,9
459,FEFAAQQYE,0,True,6,3,9
460,ELIQNLYDE,11,False,5,4,9
461,LVLMPVLHP,14,False,8,1,9
462,GQSFPSVYC,22,True,4,5,9
463,QYNGQDEVD,17,True,1,8,9
464,PNSQACMWT,5,False,8,1,9
465,VLGSPALAK,2,True,8,1,9
466,ARAALRAAA,14,True,1,8,9
467,KFDVILLEI,11,False,8,1,9
468,QAAEKEDRG,9,False,2,7,9
469,VNITGTVYD,12,True,4,5,9
470,QTLPNIHSF,20,True,4,5,9
471,GDTDVRVSS,25,False,7,2,9
472,ELQGCAKQA,4,True,1,8,9
473,QSETDIEQP,12,False,5,4,9
474,LQMTDVTST,23,True,4,5,9
475,NAEKLKAGN,9,True,6,3,9
476,NQITDRAVL,8,True,1,8,9
477,YTAGLSLRT,22,False,2,7,9
478,TVELLTRKG,17,True,8,1,9
479,VNEYSKLHP,6,False,3,6,9
480,KGLERECGR,15,False,5,4,9
481,ESHANAMAL,25,True,1,8,9
482,GEASSEELA,15,False,1,8,9
483,AEGGAEAPA,8,True,1,8,9
484,CMAVSREAD,25,True,7,2,9
485,SQPETVPVP,12,True,3,6,9
486,PWRVQALGW,14,True,2,7,9
487,ITFRKDHLE,0,False,1,8,9
488,KTYKCKTFS,4,False,5,4,9
489,KEREDKMKA,6,False,2,7,9
490,LNSHLAESS,25,True,5,4,9
491,SSSLAEHHR,20,True,7,2,9
492,MEPVMSLEM,12,True,6,3,9
493,SCGETFNSI,0,False,8,1,9
494,VCINTHGSY,4,True,1,8,9
495,IAAEFPDTF,10,False,5,4,9
496,DLLLRFEPI,18,True,7,2,9
497,SSLFEKELQ,9,False,8,1,9
498,IKRMVLPGG,19,False,5,4,9
499,SQSGVQCRS,22,True,4,5,9
500,TLIQLDRRA,20,True,2,7,9
501,HLGKSVHYA,19,False,5,4,9
502,VLSYSVREG,6,False,1,8,9
503,SQIRYELVF,23,True,8,1,9
504,KSAFEGELL,17,True,4,5,9
505,RGLGHPFYK,9,True,5,4,9
506,GLFMAMVGP,10,True,1,8,9
507,SSTLKDNSS,12,True,7,2,9
508,LALLFGMET,8,False,7,2,9
509,DKTEAVSFH,18,True,2,7,9
510,IPHSIFSHE,4,False,7,2,9
511,ALQKMELHE,17,False,7,2,9
512,AFHSTKESQ,19,False,5,4,9
513,EGATAAQTD,6,True,2,7,9
514,PQLFLLLFV,11,False,4,5,9
515,KFSKGIGVP,17,True,7,2,9
516,EEEVECSRT,18,False,5,4,9
517,EIFKQRAMS,2,False,5,4,9
518,ERYQSRLAA,11,True,2,7,9
519,DVYLVIEYL,14,False,7,2,9
520,TPSRVDRPG,16,True,5,4,9
521,SELCGEDTD,12,True,4,5,9
522,RIAGSSLFL,10,False,3,6,9
523,ECGAQPESI,20,True,3,6,9
524,DSGKELGMS,24,True,8,1,9
525,QQAQAKCTL,16,True,4,5,9
526,GAVNCGHDL,17,True,6,3,9
527,YKFVMKPPQ,24,False,1,8,9
528,NKKGSHHIN,9,True,1,8,9
529,RCSSTPCTT,23,False,7,2,9
530,FDIVFADNF,18,True,7,2,9
531,LRLKALSTF,5,True,2,7,9
532,GHSTSLKVL,1,False,8,1,9
533,HRSIRHQQN,20,True,6,3,9
534,QKNDTKHFE,16,True,6,3,9
535,LTPSASTPF,24,True,8,1,9
536,GDTIVVRTR,22,False,4,5,9
537,PDFVPRYCR,24,False,8,1,9
538,LPLGGGTGS,8,False,2,7,9
539,ETDVVASTN,24,False,4,5,9
540,AYPGDVFLT,21,False,7,2,9
541,EAHFKFKKL,22,True,5,4,9
542,INLRERSLA,8,False,2,7,9
543,YRAAEIQAK,24,False,2,7,9
544,MVFSYLQII,17,False,2,7,9
545,GGHGAGRAS,16,False,3,6,9
546,QFIKQLCLY,10,False,5,4,9
547,PDVPENYAF,2,True,5,4,9
548,VPPILGEMV,20,False,4,5,9
549,YLFEWRYAC,2,False,6,3,9
550,QQSRSFINN,5,False,2,7,9
551,LYFFRGSLE,1,True,2,7,9
552,VTPQTRWSQ,20,False,4,5,9
553,ILEIDFGLD,13,False,3,6,9
554,SSDPTTCTR,17,True,4,5,9
555,ATAVCQASQ,25,True,3,6,9
556,EWEEKAMLQ,17,True,2,7,9
557,VGVVPRFDR,10,False,6,3,9
558,LNIFVGMTE,4,False,1,8,9
559,QSGKTISSD,22,False,4,5,9
560,LLSSPSAGC,17,True,3,6,9
561,RFDLVAQMT,5,True,1,8,9
562,HHDQKLFTE,12,True,7,2,9
563,EQRLRILGL,19,False,5,4,9
564,TAAYQPINF,24,True,7,2,9
565,LRLEREFSS,6,True,2,7,9
566,SEESNEEEE,6,True,2,7,9
567,CKGLLLFSL,8,False,3,6,9
568,IKPMKDWQS,20,False,6,3,9
569,SKNQDYRKY,17,True,5,4,9
570,ASGLPKMAE,13,True,1,8,9
571,DLPRVSTTG,21,False,4,5,9
572,FSLNTYQTV,24,True,8,1,9
573,SVPYFSNFF,6,False,5,4,9
574,GGERSDDAE,10,False,4,5,9
575,EQLVKPLTE,25,False,3,6,9
576,LAMFLEIMA,3,False,1,8,9
577,TYETQASLG,2,True,8,1,9
578,EFTIKQIAP,3,True,5,4,9
579,LLLSAKVAV,17,True,3,6,9
580,KPPAPEVVK,22,False,1,8,9
581,KRRQENQKN,12,True,4,5,9
582,TDTSDFLKQ,22,True,4,5,9
583,IYNSFGWNS,24,True,3,6,9
584,QQEGNPDLS,10,True,6,3,9
585,APRGPCGQR,11,False,6,3,9
586,GMGAMGACM,18,False,7,2,9
587,LYYFISLHN,9,True,7,2,9
588,QEREGSPST,10,True,5,4,9
589,PFLLSGACD,23,False,3,6,9
590,RVLLFESRE,10,False,6,3,9
591,ETTSPGLMS,16,False,3,6,9
592,VITGSERDY,9,False,2,7,9
593,EKFEKKRQG,11,True,4,5,9
594,QGGNKPQNK,16,True,7,2,9
595,CGDSPNKCR,24,False,6,3,9
596,LLVREQQRC,3,False,4,5,9
597,NGGQERKVK,12,True,7,2,9
598,PASETPSGN,24,True,6,3,9
599,KEQVESKTH,5,True,8,1,9
600,VISKEQRNL,11,False,6,3,9
601,AIHLTMFGM,3,False,4,5,9
602,LTYGGGMWV,5,False,4,5,9
603,HNQKGSTYS,1,True,2,7,9
604,AGQLDPTEE,12,True,5,4,9
605,YLSFDFVAL,14,False,1,8,9
606,TESTLTYKC,16,False,2,7,9
607,CCHPTCCCR,4,False,7,2,9
608,ALDHSESGE,15,True,2,7,9
609,NQSEAGSYR,10,True,7,2,9
610,ETGELPPHE,10,False,4,5,9
611,SKKHSVMSR,0,False,5,4,9
612,ISHLGLARC,25,True,3,6,9
613,SQDDINSAN,20,True,6,3,9
614,VWALTIRLW,17,True,4,5,9
615,DSQAPAWVT,10,False,4,5,9
616,LTATMLAAA,15,False,5,4,9
617,GVLNPSPFL,18,True,6,3,9
618,LLHVEDRAE,12,False,6,3,9
619,PVGSDSPSE,10,False,6,3,9
620,CLISVHRYL,20,True,2,7,9
621,RLCVGALGD,0,True,6,3,9
622,QGSASSSQS,5,True,7,2,9
623,GYCMQSIQL,18,False,1,8,9
624,AERPLTSSA,17,False,2,7,9
625,FSFDDSVEE,9,True,3,6,9
626,SLRTAARMS,9,True,4,5,9
627,AKKQKELED,4,False,1,8,9
628,ELSNWPVEV,10,False,6,3,9
629,HLMQQAKRK,20,False,6,3,9
630,AGRSQPDSC,9,False,6,3,9
631,GAGLADECF,18,False,6,3,9
632,ATNGLRTGR,16,False,2,7,9
633,RRRLQYDPI,17,True,5,4,9
634,GKRIVSRVT,17,False,6,3,9
635,SEAFPLYNL,9,False,5,4,9
636,QKKKTQQQF,16,False,3,6,9
637,ERIYVYRKD,19,False,1,8,9
638,DVEYIHRIG,5,False,1,8,9
639,GVVLGSPPY,21,True,4,5,9
640,ELQQLILQN,24,False,8,1,9
641,RNMAYSLYL,3,False,3,6,9
642,SELYVSGQQ,16,False,1,8,9
643,RSFKRGAHP,4,True,3,6,9
644,QLLYYSFSN,16,False,7,2,9
645,FGLAFWWIG,6,True,5,4,9
646,LPLSSVGAG,5,False,5,4,9
647,SMKQQGYRA,3,False,4,5,9
648,HQEYRTQGT,11,False,4,5,9
649,PGPPNSGPP,23,False,6,3,9
650,GDPLHKQLM,12,False,7,2,9
651,REKQPLDTL,10,True,2,7,9
652,EDLEEEPSR,14,True,3,6,9
653,QHSITPSAD,18,False,5,4,9
654,QFWHPLKEP,4,False,3,6,9
655,YPTYYTQPL,9,False,2,7,9
656,ANQLGTEVG,19,True,3,6,9
657,PSKPQVTES,16,True,5,4,9
658,LYGYTEEQP,12,False,8,1,9
659,AVHDITPHN,3,False,6,3,9
660,SVEPPDAVD,0,True,1,8,9
661,PSDVDCKTT,25,True,5,4,9
662,RANSADLVN,21,True,2,7,9
663,KNLAKEEKT,18,False,4,5,9
664,AYSEIEELP,18,True,1,8,9
665,FSGTKLDQE,12,False,3,6,9
666,RTIKTLANQ,13,True,5,4,9
667,VGFGSIPSG,2,False,1,8,9
668,GIAVSYRNF,16,True,4,5,9
669,LNKAIATPV,4,False,1,8,9
670,LTISFSECM,16,True,1,8,9
671,HRCLGLAPW,4,False,6,3,9
672,RGLYFEDVA,15,True,4,5,9
673,GLQQEKTAE,17,False,6,3,9
674,GVNPEQLQK,20,True,5,4,9
675,WRVHTGVRA,25,True,8,1,9
676,YRMFSKEPI,17,True,8,1,9
677,GRGWHGTQW,22,True,6,3,9
678,RDIRRYLET,16,True,1,8,9
679,AGSLLPQLL,25,False,7,2,9
680,IPVVIFKNS,17,True,8,1,9
681,VDKFKCPSL,20,True,5,4,9
682,SLAAGRTAE,9,False,2,7,9
683,KPMKEDKRV,10,True,3,6,9
684,CFTRSADGV,18,True,5,4,9
685,EADVRTTGA,20,False,3,6,9
686,AMRDKNEKS,25,False,4,5,9
687,EDTYSHFPE,16,False,6,3,9
688,KRVGIFLDM,2,False,1,8,9
689,SSHFIFIVI,18,False,3,6,9
690,GAGSFAGPP,18,False,5,4,9
691,PASDPATKL,22,False,1,8,9
692,TRLEVIHLA,8,False,5,4,9
693,QPPPTFKAA,17,False,6,3,9
694,NSFQLFLQV,25,True,4,5,9
695,VIGHIDDTD,10,True,7,2,9
696,ALLLDTLKT,18,False,4,5,9
697,PLISIPPSL,18,True,5,4,9
698,YDGSIEKED,2,False,1,8,9
699,NPAVYPSAS,11,True,5,4,9
700,NNRNLDDTS,6,True,6,3,9
701,EKKLSQPQS,23,False,2,7,9
702,IRKEYLQAL,15,False,4,5,9
703,LVTEGRVDY,0,True,4,5,9
704,IIVNHTAIE,21,True,4,5,9
705,VELDPHVEC,11,True,7,2,9
706,ELVPWSVVD,11,False,7,2,9
707,QIQYISSGD,24,True,4,5,9
708,QVQKGIIDC,12,False,3,6,9
709,ANGTVFVIQ,0,True,5,4,9
710,SAPSGGSST,0,True,3,6,9
711,SHNQSPLAP,17,False,6,3,9
712,QDGNEIDTM,17,False,1,8,9
713,PDQFMVDSV,13,True,3,6,9
714,YNCPLGGSP,18,False,4,5,9
715,TEFILFSLI,9,False,6,3,9
716,LKPPEGRSI,21,True,5,4,9
717,SQIKVDKVN,12,True,8,1,9
718,KQHHSHTTS,23,True,2,7,9
719,RTKTLSDFF,20,False,5,4,9
720,TEEIGGKRQ,10,True,5,4,9
721,KVNFKQVIL,4,True,7,2,9
722,RERQQKKHN,6,False,6,3,9
723,QRIQERFPC,19,True,6,3,9
724,QPAPPLAPL,0,True,8,1,9
725,LSANGIYRS,16,False,2,7,9
726,PQGTSNQQA,6,False,2,7,9
727,GTTTDTDQA,8,True,1,8,9
728,LDGVFMGSS,25,False,6,3,9
729,GGLPRRVTN,13,True,2,7,9
730,ELNVQAAAH,9,False,5,4,9
731,EASGLTAAR,21,True,2,7,9
732,MAAYSPDQS,17,False,5,4,9
733,HCRQYARPE,11,False,5,4,9
734,VEDVKDNPQ,11,False,6,3,9
735,QEKRRQISS,19,True,8,1,9
736,CFERTINPA,14,True,3,6,9
737,HLQRMEVKK,3,False,7,2,9
738,LATVLTSSA,10,False,6,3,9
739,SKTTDNHEA,6,False,3,6,9
740,FERAPRPPA,17,True,7,2,9
741,EQELCGVED,0,False,3,6,9
742,STIDVTSVS,0,True,1,8,9
743,MSLKAAEPA,21,False,4,5,9
744,EATLLMAGS,16,True,1,8,9
745,TAERIWSPE,2,True,3,6,9
746,GCSAVLDWN,4,False,3,6,9
747,SLTDPSISN,11,True,6,3,9
748,RGRLAAFQD,8,True,4,5,9
749,HGHRALQSP,5,False,3,6,9
750,VIADKMVSL,3,True,2,7,9
751,FRRLQGSGV,24,True,1,8,9
752,RYDVVIDDC,4,False,2,7,9
753,IDEDDDLTQ,25,False,4,5,9
754,SADIRRQLN,6,False,7,2,9
755,KDFSLDQRA,20,True,4,5,9
756,AIGCLGMFS,0,True,8,1,9
757,NTRKIFGVP,16,True,6,3,9
758,NTENSEEYG,23,True,2,7,9
759,GWGCLIPCI,25,False,4,5,9
760,VEGEFLDAW,3,True,2,7,9
761,HHSNIPCLS,2,False,1,8,9
762,VLMGDPDRP,3,True,3,6,9
763,PGTAYKVRK,25,False,5,4,9
764,PKDVDLTLA,2,True,8,1,9
765,KNPSKVSGK,21,True,5,4,9
766,EGFTWGKVY,21,True,2,7,9
767,GMRGWQQKQ,0,False,4,5,9
768,KQNYKFIQA,24,False,8,1,9
769,APRGSPDLL,5,True,6,3,9
770,VIQSFPANL,16,True,4,5,9
771,SEGTAHGGD,16,False,4,5,9
772,QVPHSYMIN,15,False,3,6,9
773,GSNTATLTI,3,False,3,6,9
774,QDPSTDSTE,19,True,4,5,9
775,QAEKNQGKC,6,True,7,2,9
776,PVGQPPLPG,18,True,2,7,9
777,RLKEKSKRR,6,True,8,1,9
778,VRTLVVPIP,25,True,2,7,9
779,HDLHLNHNP,10,False,3,6,9
780,ATEELLFQA,22,False,6,3,9
781,VDIPAVKLQ,14,False,3,6,9
782,PRDRKLWGP,14,True,3,6,9
783,LSKVGILEI,20,False,4,5,9
784,ADCDLDECN,25,True,8,1,9
785,QDIDVEVDV,13,True,1,8,9
786,LQAGVTYGS,12,False,3,6,9
787,LPDKWQHDA,17,True,8,1,9
788,IKMAGDDYC,24,False,2,7,9
789,TECTIHDSV,15,False,4,5,9
790,PRSFLPLVH,13,False,2,7,9
791,FFGNIIITE,3,True,8,1,9
792,GPGNQKDCT,12,False,4,5,9
793,KPSGEKPYK,23,False,2,7,9
794,NSLDAPVVP,1,False,1,8,9
795,QNGDVPDLF,23,True,5,4,9
796,YMSGEGRPF,18,True,5,4,9
797,ALSAAQLMC,18,True,7,2,9
798,SCAHGPWSP,17,False,4,5,9
799,LPDTFLQVH,2,False,2,7,9
800,PFWNEARAL,0,True,5,4,9
801,SPDRKKKIN,2,True,3,6,9
802,GVRQVYVGR,4,False,2,7,9
803,HGTEGKDLV,19,True,8,1,9
804,SQFLMRSHR,1,True,5,4,9
805,AEEQGGPVV,25,False,8,1,9
806,LIFNIEIPK,20,False,8,1,9
807,TSPPLLLLA,23,True,8,1,9
808,KKERIGLFS,8,True,2,7,9
809,KSQEKSPET,8,False,8,1,9
810,NVQNYNISP,0,False,8,1,9
811,VLALWPLVV,20,False,3,6,9
812,QSSPTLMLT,14,False,2,7,9
813,ADGPGDSGK,9,False,8,1,9
814,LPNLSSLST,13,True,3,6,9
815,ANKAEICPW,25,True,1,8,9
816,PPPPPPTLG,9,False,8,1,9
817,KKMNREKIW,8,True,6,3,9
818,VVRRSGGNA,2,False,3,6,9
819,QTPSPQEMW,11,True,3,6,9
820,TPAGVESEA,24,False,7,2,9
821,DYIRSHEVK,1,False,3,6,9
822,TTEQHGEPM,16,False,5,4,9
823,TLVGLLGEF,8,False,6,3,9
824,RASQSPRTR,20,True,1,8,9
825,VRLAELAAL,9,True,2,7,9
826,RIFISSVQK,8,True,1,8,9
827,PPKSDVQSV,21,True,4,5,9
828,RAQEEERRQ,1,False,8,1,9
829,GRVAFVSEP,4,False,1,8,9
830,VADEYEEPA,17,False,2,7,9
831,DDQSVAEAY,10,False,5,4,9
832,LLKELYVEE,18,False,8,1,9
833,LDEVEVLDN,12,False,7,2,9
834,LDLKGPKTI,6,True,8,1,9
835,KGQPPPSYN,4,False,1,8,9
836,IDLNTVSYV,9,True,4,5,9
837,KCSEKGFSR,24,True,7,2,9
838,RDAVVAWLV,24,True,3,6,9
839,ELAHLPTVK,22,False,7,2,9
840,REEGEALSS,5,True,1,8,9
841,LTEGYFGSN,9,False,3,6,9
842,HEPVPSLRA,25,False,8,1,9
843,HLLPAFSRN,8,True,4,5,9
844,EVQATWMAY,12,True,1,8,9
845,LAKKHKNKP,19,True,3,6,9
846,NVDLFSRKL,24,True,3,6,9
847,LKCSQKFWK,6,False,6,3,9
848,DEVWGVKSG,18,False,4,5,9
849,HHVQSMARF,15,True,3,6,9
850,SKAYENKIE,15,True,5,4,9
851,SFYLYMIFF,7,True,4,5,9
852,FRLYRKEVQ,24,False,8,1,9
853,GLAAGGIVT,14,False,7,2,9
854,KISELISNR,6,True,6,3,9
855,FTVGALCRT,9,True,8,1,9
856,FLPEKPDAS,16,True,5,4,9
857,IFLEWYRKG,14,False,3,6,9
858,VNSDGEQKT,17,True,2,7,9
859,PTMDLASPT,5,True,8,1,9
860,AEAYDSTLP,16,True,1,8,9
861,QAAMNNKLA,21,False,3,6,9
862,KMLNTPMLL,8,True,5,4,9
863,LLGMLRTSV,2,True,3,6,9
864,MGLRYGHKK,6,True,1,8,9
865,QFLKDFCTH,25,False,3,6,9
866,RPPPGALPR,11,True,8,1,9
867,AGSLLSAAP,16,True,4,5,9
868,CSSGYHPMD,23,False,4,5,9
869,ALLSQGLPF,15,True,1,8,9
870,LTELEKAQR,4,True,7,2,9
871,KIMEKVIKI,0,False,8,1,9
872,STVAFKRTE,3,True,3,6,9
873,AGATIKCCE,5,False,1,8,9
874,STVDKLAIT,21,False,6,3,9
875,KFPIDLADL,20,True,5,4,9
876,DGLSEDNDE,22,True,5,4,9
877,VSGLSRDIA,18,False,5,4,9
878,HTQRVHTGE,23,False,2,7,9
879,RSSSRCSCI,22,False,8,1,9
880,TAGEVLLHS,3,False,8,1,9
881,VYVKTKHAN,25,False,2,7,9
882,VSDDLENVL,1,True,8,1,9
883,GTVFVLVLQ,22,False,6,3,9
884,MAQLKPAPP,7,True,8,1,9
885,LRTGKIILS,17,True,4,5,9
886,SDVAKEALK,5,False,4,5,9
887,IFICFLVIF,19,True,6,3,9
888,YVLCRLPNG,9,True,5,4,9
889,IDNPDDPSI,17,False,5,4,9
890,TSQLDTAAN,19,False,4,5,9
891,GETEDTFIT,8,False,8,1,9
892,QRMRETTLS,10,False,3,6,9
893,AGTTVYQKG,9,True,6,3,9
894,KRFSGLKNY,5,True,5,4,9
895,ETVSSQKQP,17,True,1,8,9
896,EVSWTHPHG,19,True,4,5,9
897,DLQVILLLQ,12,False,4,5,9
898,SNPRNATTQ,12,True,4,5,9
899,NESGGSEKY,6,False,7,2,9
900,RVEANPHMF,25,False,6,3,9
901,SPDFRRLSG,7,True,4,5,9
902,QISSVNHMM,23,True,4,5,9
903,YLENTVLNS,23,False,5,4,9
904,PKEEKGTWR,16,False,4,5,9
905,IPYTPSPHT,14,False,7,2,9
906,MNMGVNLFA,14,False,2,7,9
907,GPEGPVGDP,15,False,5,4,9
908,VCFCTTGRV,24,False,4,5,9
909,QMLSERLMD,17,True,5,4,9
910,GPMTQAGLT,19,True,1,8,9
911,NQNRGTGCP,15,True,5,4,9
912,SYMLQSEEL,3,True,8,1,9
913,QRIHTGEEK,20,True,7,2,9
914,NCGRSGHIY,15,False,8,1,9
915,VVEDVAVVC,14,False,2,7,9
916,DKPAQSEGP,17,True,2,7,9
917,LVWLKDGQA,18,True,2,7,9
918,RQKLSLDAP,2,False,4,5,9
919,FSYASIGLQ,10,False,5,4,9
920,SPPLWAASA,11,False,1,8,9
921,PKHGSSLDP,13,True,7,2,9
922,EEERRAELN,2,True,8,1,9
923,YGPEKTSGM,9,True,2,7,9
924,PPSVTPIFK,17,True,8,1,9
925,DSVLFQTSI,15,False,3,6,9
926,CQFSPTENG,16,True,5,4,9
927,VTLHDKSLT,5,False,4,5,9
928,GPEHRSAWG,14,False,1,8,9
929,GHIFERPIV,23,False,1,8,9
930,REVTIPKTE,8,False,3,6,9
931,LDRDVMATL,7,True,5,4,9
932,EQHVPWEDT,8,True,5,4,9
933,SARPELTEP,25,True,6,3,9
934,NSLGWMFNK,25,False,1,8,9
935,AMPKVKSLM,21,False,7,2,9
936,ETLGLAFTD,22,True,6,3,9
937,SGSPRPGEE,15,False,5,4,9
938,HYAGQDTDP,1,False,6,3,9
939,KKDSNGLPP,22,True,3,6,9
940,QKKGFKWSL,14,False,2,7,9
941,PSELEMQDS,5,False,7,2,9
942,WLDSKPVLP,0,False,2,7,9
943,LQGSLVAGQ,8,True,3,6,9
944,APVFSEASW,20,True,7,2,9
945,QLAKKDYLV,1,True,8,1,9
946,PCFGKKNGE,1,False,7,2,9
947,YNCLGPFDE,12,True,2,7,9
948,AMPSPRIFI,15,True,7,2,9
949,LHGTGGLLL,0,False,4,5,9
950,PTISAILQQ,7,False,5,4,9
951,AQITYSFGM,24,True,1,8,9
952,MNKMDRALN,19,False,8,1,9
953,DRRAYLFAH,2,True,1,8,9
954,VDLEDEEGE,12,False,1,8,9
955,REKLGPTHR,20,True,4,5,9
956,KSFSRSKSF,24,True,6,3,9
957,GLGFNVSTS,18,True,5,4,9
958,CSARRGWRC,4,True,3,6,9
959,RLHQCKTPS,25,False,8,1,9
960,MWNPRHENI,20,True,5,4,9
961,TPYHPKIGI,13,True,5,4,9
962,TFLLTRVTH,25,False,8,1,9
963,NQGASPGGP,3,False,8,1,9
964,PIMESAREN,13,True,2,7,9
965,DWPEVIQKY,2,False,2,7,9
966,EEVAKLEKH,16,False,1,8,9
967,ACCQYLCLP,13,True,2,7,9
968,ELCYNQIKF,10,True,8,1,9
969,RLQDRVHKF,8,True,4,5,9
970,ASLEHALRG,19,False,4,5,9
971,AALSSTPPL,17,False,2,7,9
972,IDVRRRPLT,9,True,5,4,9
973,VTGVEVSRN,14,False,5,4,9
974,GKKGPEEEE,20,False,5,4,9
975,ASRPGERVE,4,False,3,6,9
976,FVRMVNVMN,23,True,7,2,9
977,AFAMAESAG,7,True,6,3,9
978,HHLHPFALD,13,False,6,3,9
979,EVAELPTDP,11,False,4,5,9
980,AHYLKKTKG,15,False,8,1,9
981,QDQEVELRD,23,True,3,6,9
982,GEHESSSGQ,6,False,2,7,9
983,AKIMADNPS,0,False,7,2,9
984,LGKIERKGP,16,False,6,3,9
985,SSSDRPLRS,20,False,7,2,9
986,PFSSSTFIP,7,False,7,2,9
987,LAVAFSTCS,3,True,3,6,9
988,KVKDNQGNL,3,False,3,6,9
989,GGVCYAGIA,7,True,8,1,9
990,SNMPEDYPS,2,True,8,1,9
991,SKAKRKWAQ,21,False,7,2,9
992,SSSNGLHRG,25,True,3,6,9
993,AEVSSSTEL,12,True,1,8,9
994,KKKESEILI,24,True,3,6,9
995,ATMTPSITG,20,True,5,4,9
996,VGYREANRR,8,True,4,5,9
997,VLNITNKQS,9,True,8,1,9
998,LLDNTVQAV,19,True,8,1,9
999,DKWLVIGAP,16,True,6,3,9
1000,ASSLVFIPA,11,False,1,8,9
1001,SCELSREGL,17,False,6,3,9
1002,GRVVEISRQ,20,True,8,1,9
1003,GKVAHSLTK,22,False,3,6,9
1004,EELSTEGCD,1,True,2,7,9
1005,AVLDGLGVR,6,False,6,3,9
1006,THCNSVVVW,11,True,3,6,9
1007,GTSVEQTVQ,2,True,8,1,9
1008,VGSKSVTQG,7,True,2,7,9
1009,YKKHTKMEG,10,True,6,3,9
1010,SGGIANGDP,21,True,5,4,9
1011,GVPFFRLHG,1,True,4,5,9
1012,RAVAAAVLG,12,False,4,5,9
1013,ASLQRHRPT,9,True,3,6,9
1014,KVPGSSMFA,6,False,3,6,9
1015,LGWDSEEVG,18,False,8,1,9
1016,VTKCWILSV,20,False,2,7,9
1017,LRMFQQTIN,16,True,7,2,9
1018,PCTEPTGGS,22,False,3,6,9
1019,QREQAKPLS,25,False,6,3,9
1020,DLHQCQRLF,13,False,7,2,9
1021,PRGAEQAPR,4,False,7,2,9
1022,QRTLTQDHS,8,False,2,7,9
1023,GFLKGPLSE,3,False,8,1,9
1024,WSSMTCYRG,20,True,5,4,9
1025,VDVGSQLVN,7,True,5,4,9
1026,DPAEVAERL,23,False,1,8,9
1027,PVQMGSGGG,13,False,4,5,9
1028,AEDMPASFT,17,True,5,4,9
1029,EEALGGLDN,7,False,8,1,9
1030,TKPSARSSL,12,False,3,6,9
1031,DVEKPEEAP,7,False,6,3,9
1032,ISISLGPPR,7,True,2,7,9
1033,MKNEPLSML,16,False,3,6,9
1034,NKCLYESSL,18,False,1,8,9
1035,DGYMALFIL,24,True,4,5,9
1036,LNDLEKILA,18,True,6,3,9
1037,RRSTENVKE,23,True,7,2,9
1038,RRCAGLGSV,20,False,3,6,9
1039,GSLPGTNPS,23,False,8,1,9
1040,KPFTKTYDS,15,False,3,6,9
1041,LGSLLLWAL,7,False,1,8,9
1042,LPSTPSPIL,5,False,2,7,9
1043,INRCFPQLP,13,True,6,3,9
1044,LYRELREML,23,False,6,3,9
1045,QSCTDILDS,19,True,8,1,9
1046,CGLRPVVVG,2,True,8,1,9
1047,EAALNRASI,17,False,4,5,9
1048,AGAPGPGPG,11,False,3,6,9
1049,APDEGAEAV,20,True,5,4,9
1050,ASEEEDTMD,19,True,8,1,9
1051,RRAALTLFT,1,False,5,4,9
1052,WLVYFVFLA,24,False,2,7,9
1053,LQSECDAFE,6,False,8,1,9
1054,AEEMQKARE,21,True,4,5,9
1055,ARLRRELVH,19,False,1,8,9
1056,QYCGMPQDP,22,False,1,8,9
1057,VTAFWSLGE,13,True,3,6,9
1058,IQKYLRNGE,15,True,5,4,9
1059,SGVLMVGAG,14,True,7,2,9
1060,SWLKNEQPG,12,False,8,1,9
1061,CLSRPPERD,21,False,5,4,9
1062,AAGLEAGQV,14,True,4,5,9
1063,LTVNSDTSK,3,True,3,6,9
1064,HVYAQTARL,2,True,4,5,9
1065,GIAKELREV,7,False,2,7,9
1066,SEKSSTFSK,10,False,7,2,9
1067,EGSHPHGVA,10,True,5,4,9
1068,LGFSLLLGL,24,True,2,7,9
1069,KIIAVYITP,20,False,6,3,9
1070,RLDDLPLPQ,7,True,6,3,9
1071,FPPHMKKQF,0,False,8,1,9
1072,SIFCNGTFD,24,True,1,8,9
1073,GHFYMHAGG,6,False,8,1,9
1074,ELNRFTKLK,23,True,3,6,9
1075,LVVQFSPQG,8,True,3,6,9
1076,EPKEILGFY,3,True,7,2,9
1077,IKPLQDQNE,4,True,1,8,9
1078,SDGPHTPSR,22,False,5,4,9
1079,QEAPSCPAT,16,False,7,2,9
1080,ACLGARDSE,8,False,3,6,9
1081,ALEELVNVR,16,True,8,1,9
1082,QGPGTGGPG,16,True,4,5,9
1083,LVKKCETCT,16,True,8,1,9
1084,YGFQAITRP,9,True,4,5,9
1085,YRISAIDDM,1,False,4,5,9
1086,AAFRFPESC,14,True,3,6,9
1087,ALATLFATP,9,False,6,3,9
1088,NQSFDIPDR,5,True,1,8,9
1089,SNLLTSQTV,9,True,4,5,9
1090,EEYQSRRRE,0,True,6,3,9
1091,GPGPIRLRL,23,True,5,4,9
1092,LMRCNVIGV,16,True,2,7,9
1093,EWPLCAHTN,22,False,4,5,9
1094,YAHDGSIYQ,12,True,6,3,9
1095,QKYKIVWWR,2,False,5,4,9
1096,EATPQELLQ,12,False,2,7,9
1097,RGRDYVDRS,13,False,2,7,9
1098,KNITKKNYK,21,False,3,6,9
1099,LQKFTKSLK,10,True,4,5,9
1100,IDELGTFNP,8,False,5,4,9
1101,NCGEAFFAH,22,False,3,6,9
1102,QSSVYLKPS,8,False,7,2,9
1103,PQRESVGLV,21,True,1,8,9
1104,TIANYQFFV,12,True,3,6,9
1105,EGVCGGGNA,8,True,4,5,9
1106,HLSVILQAH,6,True,2,7,9
1107,AVRRSVESR,17,True,7,2,9
1108,PLRPPRYTC,22,False,6,3,9
1109,KNLHAHRRR,23,True,6,3,9
1110,GLIMNYCRM,15,True,8,1,9
1111,GREPVSTQD,20,True,3,6,9
1112,GEWVPFRDE,18,False,2,7,9
1113,SRSVKLEDM,22,False,2,7,9
1114,LQSCSHARW,5,True,5,4,9
1115,KHFSAKHKI,2,False,5,4,9
1116,PGLVNDVNE,6,False,3,6,9
1117,PPRAAGVPQ,15,True,2,7,9
1118,SPGQVTAAA,24,True,6,3,9
1119,LGLVPEPFL,7,True,4,5,9
1120,FDFRKRSKF,24,True,3,6,9
1121,VLRIHSLLG,16,False,3,6,9
1122,EHIKRLSTE,5,False,2,7,9
1123,ESTTCTESD,18,False,3,6,9
1124,PGMTFSQLY,21,False,3,6,9
1125,VINITDKDI,4,False,3,6,9
1126,NVIWVIKCS,12,False,2,7,9
1127,LEQEEHMFV,0,True,5,4,9
1128,LESNFNYII,19,True,5,4,9
1129,AYEGLPLVL,1,True,7,2,9
1130,PQGPMGIPG,0,False,1,8,9
1131,ALVITPQIK,8,False,8,1,9
1132,QTTTRPNQT,0,False,6,3,9
1133,QLVQSHHGT,14,True,2,7,9
1134,FGVYTWNGL,5,True,1,8,9
1135,DQPLTVPVP,12,True,8,1,9
1136,KIENGSEAQ,9,True,4,5,9
1137,KPGTGVMDN,11,False,4,5,9
1138,VVGAIIIVL,13,True,4,5,9
1139,SLHLEKNAI,24,False,1,8,9
1140,TDIEEGVNE,7,False,6,3,9
1141,DTVNPGTKS,7,False,1,8,9
1142,KTVVSDADD,14,True,2,7,9
1143,EVEVEYSTV,22,False,1,8,9
1144,LASETLLNI,5,False,3,6,9
1145,ITERQQKAS,13,False,7,2,9
1146,GARAGAGAS,14,False,8,1,9
1147,YLAKVNDIC,25,True,8,1,9
1148,TTSTTSAGS,9,False,7,2,9
1149,VECAEIRRE,21,True,8,1,9
1150,NSHHSHLQL,4,True,5,4,9
1151,KYSRTSMLV,25,False,6,3,9
1152,KSLKNKPHC,20,True,6,3,9
1153,RRIYLSSPH,7,False,7,2,9
1154,AINIEPPEN,23,True,2,7,9
1155,EHPPHIKKP,23,False,3,6,9
1156,KNFFDAEDV,3,False,8,1,9
1157,SLQDVGFSS,12,True,6,3,9
1158,LELFLFVII,6,True,5,4,9
1159,VLSVVLDTM,19,True,8,1,9
1160,TKPFECSEC,2,False,1,8,9
1161,FAKIQNTNQ,5,False,1,8,9
1162,LLQQLLPYL,24,True,6,3,9
1163,DGIQTQDKE,1,False,4,5,9
1164,KYLPRCGLE,8,True,3,6,9
1165,ELAVKEMEP,0,True,8,1,9
1166,LNNWSGRSM,11,False,6,3,9
1167,EVNQNQTEY,5,False,6,3,9
1168,WFSRLDILR,2,True,6,3,9
1169,LAAIYHISD,25,False,2,7,9
1170,GRRLKELSD,21,True,6,3,9
1171,CLGTTCNDF,14,True,2,7,9
1172,YGGRGTGPS,8,True,1,8,9
1173,TCYIAPERF,0,False,2,7,9
1174,LPNYLESGL,1,True,7,2,9
1175,SNVGDPRFP,6,False,7,2,9
1176,CGESSFLQE,22,True,7,2,9
1177,PLFDAGMLL,7,False,5,4,9
1178,MFIETRQNA,25,True,4,5,9
1179,QEGMQLAIG,20,True,5,4,9
1180,ALHERAYQI,25,False,4,5,9
1181,AAAPTPPDR,11,True,7,2,9
1182,QLTGLSSRS,14,True,5,4,9
1183,LTLQLALLL,23,False,6,3,9
1184,AQVAEGTAG,14,True,4,5,9
1185,PGYKNGFIC,15,True,4,5,9
1186,GIQRATAEL,12,False,6,3,9
1187,GSSHFRVVA,1,True,2,7,9
1188,VFDRHLHCC,22,False,7,2,9
1189,ARSPCKSQS,23,True,6,3,9
1190,HPPTPHPRP,18,True,1,8,9
1191,DQPDVASSR,17,True,1,8,9
1192,PPSTSSTAI,5,False,7,2,9
1193,INFILQKTF,5,True,8,1,9
1194,RDRSAESLL,14,True,2,7,9
1195,SNGKAPAGG,11,False,2,7,9
1196,LAIYEVMGI,13,False,3,6,9
1197,KLSPKQESG,16,False,6,3,9
1198,VWYGNSHIP,6,True,7,2,9
1199,AEHENDDDT,15,True,1,8,9
1200,SWGQAIFFV,10,False,6,3,9
1201,NIKVLWISY,18,True,4,5,9
1202,NSHLRKAGE,20,False,8,1,9
1203,SDGVLPLPV,2,True,6,3,9
1204,AMPEGPNYR,23,False,2,7,9
1205,TLVRQARSL,5,True,2,7,9
1206,RQFKEIAAF,1,True,8,1,9
1207,MPSVRSLLL,20,False,8,1,9
1208,VIFQKVKGL,22,True,7,2,9
1209,IKYKSVYSL,2,True,5,4,9
1210,EPMPIIRQI,1,False,3,6,9
1211,EDDSSQMSM,17,True,3,6,9
1212,KKAEMDQTK,15,True,5,4,9
1213,DVAACPWAP,24,True,6,3,9
1214,EGSEMQAFQ,11,True,6,3,9
1215,RDSNVNDVH,21,False,3,6,9
1216,QGHWNQHFT,5,False,6,3,9
1217,IKSAAGLVS,10,True,6,3,9
1218,KGETVNGSS,21,True,4,5,9
1219,ELDLSHSPI,21,True,6,3,9
1220,LLLLLLGCC,21,True,3,6,9
1221,ELGGEVFCF,2,True,7,2,9
1222,GISLDLTQY,15,True,2,7,9
1223,FVYPKSREG,7,False,1,8,9
1224,TLLWDIVHQ,19,True,7,2,9
1225,TPTSVAFTS,9,False,1,8,9
1226,LSAERVCGA,2,True,6,3,9
1227,QKQQHLDQG,25,True,6,3,9
1228,SQYERPNVQ,17,True,7,2,9
1229,DEAPVPSIL,18,True,1,8,9
1230,EIMAKAAEK,0,False,3,6,9
1231,RRWDDTIFL,11,False,7,2,9
1232,FQQEISLNH,15,True,8,1,9
1233,KWACLIPAL,7,False,4,5,9
1234,HHHHHHAAA,7,False,4,5,9
1235,CHCGDHVRL,10,True,8,1,9
1236,HVATIAKRK,12,False,2,7,9
1237,THVLGGALL,16,False,3,6,9
1238,PEYFRQRCA,22,True,5,4,9
1239,PQFEQSHIK,23,False,6,3,9
1240,QRGKAPGVW,19,True,4,5,9
1241,TGPGDMPHN,9,True,7,2,9
1242,MRLVERVQS,3,True,2,7,9
1243,WGNLPEINR,10,True,6,3,9
1244,LYPEFNKGT,19,False,7,2,9
1245,AQALPRQED,12,True,7,2,9
1246,YRMRRVMEP,2,False,8,1,9
1247,VALMESDFE,0,False,2,7,9
1248,MMCVSYGTF,8,True,7,2,9
1249,DHQNVNDLS,7,False,3,6,9
1250,SHTTQIFKT,22,True,3,6,9
1251,GILLDIFRR,21,True,4,5,9
1252,NDGFLRGLP,2,False,4,5,9
1253,APRSPRSQS,16,False,3,6,9
1254,FLSSAQGAD,17,False,8,1,9
1255,CGGLQTLWR,19,False,7,2,9
1256,DYTLSYPLC,11,False,4,5,9
1257,ETKYSTKVT,22,True,8,1,9
1258,VFSRMKRLA,19,True,7,2,9
1259,KLFNHRSSI,8,False,8,1,9
1260,QELASKRQE,1,True,7,2,9
1261,SQFQSSSLQ,15,False,3,6,9
1262,SRSRSRSRP,18,False,8,1,9
1263,KTERQDPSK,17,False,4,5,9
1264,ICPYCSRLK,7,False,7,2,9
1265,TYICSPRPM,4,True,1,8,9
1266,MEASLPVTH,21,False,3,6,9
1267,HGFCFAPSQ,8,True,6,3,9
1268,VQKKVAEYL,7,False,7,2,9
1269,LATLDAVKF,8,True,4,5,9
1270,WWKEEFETY,4,True,2,7,9
1271,RGNTELFSV,11,False,7,2,9
1272,QLTVPSLSE,23,True,6,3,9
1273,SDTLLDCPG,11,True,7,2,9
1274,TIMSTIAAF,8,True,1,8,9
1275,TLGESWPDG,16,False,7,2,9
1276,FIQKSIYVG,18,False,6,3,9
1277,EAGQSRPPT,18,False,2,7,9
1278,NTTSCPAGY,14,True,2,7,9
1279,PGSVTFMRG,0,False,6,3,9
1280,ERRKAGGCG,6,False,3,6,9
1281,VPCSPGQEE,4,False,5,4,9
1282,PTGSRYKLH,4,True,3,6,9
1283,KMVSFGRDF,6,False,8,1,9
1284,PMTTSVSSP,6,False,8,1,9
1285,SSGDSVKTS,5,True,4,5,9
1286,TEIGVRDGL,17,False,7,2,9
1287,PLDSCAAVV,8,True,4,5,9
1288,MWSANFHKA,12,False,5,4,9
1289,LWVASPFLE,19,True,2,7,9
1290,DASHCDSFG,4,False,7,2,9
1291,MKGFIMMYF,10,True,6,3,9
1292,VIKQGWDED,16,True,6,3,9
1293,KSNSKNSIS,3,False,6,3,9
1294,ECAITSAPR,16,True,5,4,9
1295,YWEVRLPRC,14,False,5,4,9
1296,GDTSSPLSQ,15,True,2,7,9
1297,MTNTTKLKK,9,False,6,3,9
1298,GGTTSTSHQ,5,True,3,6,9
1299,TMAALGVYL,17,False,4,5,9
1300,TMRRWKVLR,5,True,3,6,9
1301,PYKCGKAFA,3,False,3,6,9
1302,LAFWLAMSS,20,True,3,6,9
1303,LENSPSSIH,1,False,4,5,9
1304,PHQAQLRHA,19,True,7,2,9
1305,LDTVNFLTG,12,True,2,7,9
1306,VFEKVFTFT,7,True,3,6,9
1307,ASASQNEQA,19,False,5,4,9
1308,DDVRIEVDS,11,True,7,2,9
1309,KNYVFTAPY,16,True,1,8,9
1310,RVSDEEDKT,16,True,1,8,9
1311,LEHLKEHEA,15,True,7,2,9
1312,NRDRDNSNR,2,False,2,7,9
1313,SFATKLKHP,8,False,2,7,9
1314,EEIVKLSSQ,17,False,5,4,9
1315,WESCRQGLI,6,False,8,1,9
1316,GTTSPGDTA,12,True,4,5,9
1317,MPLFEHYTA,24,False,8,1,9
1318,YDLAHTRRG,3,False,3,6,9
1319,APLTELINQ,19,True,1,8,9
1320,PTIFYNLYT,22,True,8,1,9
1321,RRGQRRGRS,16,False,3,6,9
1322,QHVHEGYWE,4,False,7,2,9
1323,LVRYNVINN,0,True,8,1,9
1324,GGLKRGTPV,23,True,3,6,9
1325,PPLTTGLML,25,True,8,1,9
1326,ADTIEALQA,18,False,8,1,9
1327,PGPLDTVEA,13,True,7,2,9
1328,PMGSQNAAQ,19,True,5,4,9
1329,LEYRASLED,16,False,7,2,9
1330,SIGKNAINI,8,False,3,6,9
1331,WNKIEGSKS,12,False,2,7,9
1332,EKTKSQTKF,9,True,1,8,9
1333,HDFNIPSPA,19,True,1,8,9
1334,HSLKTFHRK,22,False,8,1,9
1335,EVSDYAPYP,17,True,4,5,9
1336,KLNKVHLEL,0,True,3,6,9
1337,LLGLPEDYD,12,False,8,1,9
1338,SEGSLDCLH,19,False,3,6,9
1339,FINISVVGA,9,True,8,1,9
1340,RIHEVQEEN,18,True,8,1,9
1341,LPFTIVLIG,5,True,5,4,9
1342,GGGSSQKER,17,False,6,3,9
1343,AQITQRKWT,5,True,7,2,9
1344,YPREYKMPG,13,True,2,7,9
1345,ADKGVSLLP,22,False,7,2,9
1346,NKSGRLACE,4,False,5,4,9
1347,RYEWPPFFH,15,True,4,5,9
1348,PGLRWALRE,7,True,7,2,9
1349,PRQPRRCYV,17,True,3,6,9
1350,RPYKCEECG,0,False,5,4,9
1351,ITRSLTEDS,4,True,8,1,9
1352,RVDLLSSRR,18,False,4,5,9
1353,LFRSRRSTS,22,False,4,5,9
1354,EEKGELISI,20,True,5,4,9
1355,MLKKEEKIS,20,True,3,6,9
1356,RLVFFVNVF,13,True,8,1,9
1357,GQHAPPVPL,7,False,2,7,9
1358,ALVALFIGI,8,True,7,2,9
1359,VMAPEVIQS,2,True,1,8,9
1360,LFTLAESLD,23,False,8,1,9
1361,ILDSKRRDL,8,False,6,3,9
1362,VDDHRNQGK,21,False,1,8,9
1363,EESYMVELP,17,False,6,3,9
1364,ATKIVPVEA,0,False,1,8,9
1365,VNFNMVASD,7,True,2,7,9
1366,QSGLACCKK,22,False,5,4,9
1367,NFSVSYCSS,3,True,1,8,9
1368,QLSSKLKEI,8,False,5,4,9
1369,ELCFSESIP,14,True,2,7,9
1370,ALALAPDIM,8,True,5,4,9
1371,KRREVERRL,0,True,7,2,9
1372,TSREHCKPL,8,False,3,6,9
1373,TLVVNRWWQ,1,False,8,1,9
1374,VEAQLLTEC,6,False,8,1,9
1375,PLANGTTDM,1,False,3,6,9
1376,EGGVLLSLQ,8,True,8,1,9
1377,QLQPQQDNL,11,False,3,6,9
1378,SNLFRHQAD,18,False,7,2,9
1379,KLNKPGLKY,24,True,1,8,9
1380,SYALTEISL,12,False,5,4,9
1381,TEGVEHENG,11,True,2,7,9
1382,LEHEQEFLW,17,True,5,4,9
1383,DENAYTDDF,9,True,6,3,9
1384,RKEHKLGYH,4,False,6,3,9
1385,MKSKMQIFN,2,True,5,4,9
1386,EEHALVSDI,23,True,5,4,9
1387,TGAARAAGS,22,True,2,7,9
1388,SVWKQRLEF,5,False,2,7,9
1389,WKCYDPFPH,10,True,5,4,9
1390,ECLAHWKKC,7,False,1,8,9
1391,VRVVKKELK,0,True,1,8,9
1392,RLTDFVYTG,0,True,3,6,9
1393,PVEKSLFEG,25,True,4,5,9
1394,CFPFQGTLE,21,False,8,1,9
1395,ETLFNAFDE,16,False,2,7,9
1396,RTQGLMIMG,7,True,8,1,9
1397,TLTVAVGAS,13,True,7,2,9
1398,VGDSHVDRS,8,True,7,2,9
1399,QSTEKTMIS,6,True,1,8,9
1400,LHHGVDGIC,25,True,5,4,9
1401,LEEELPGER,12,False,8,1,9
1402,TFQTGYPNP,23,False,6,3,9
1403,YIDLKKSDF,13,True,7,2,9
1404,SIQRVPFSV,5,False,2,7,9
1405,QFSNMEDNP,6,False,5,4,9
1406,NECTSGQNL,24,True,8,1,9
1407,VAFFFSQNN,9,True,2,7,9
1408,RVSPPAAPT,22,True,7,2,9
1409,EWLEMEYGL,1,True,1,8,9
1410,KAPLRLLIF,20,False,1,8,9
1411,FKLRPLGDF,10,False,4,5,9
1412,VRHRWCELQ,5,True,8,1,9
1413,YRCTAQGKE,14,True,6,3,9
1414,TSPQRSPSS,21,False,8,1,9
1415,TGKPETYTC,19,True,4,5,9
1416,GTFLNVTPD,16,True,2,7,9
1417,VEVIVRISA,10,True,8,1,9
1418,SAMRIFFQI,1,True,1,8,9
1419,VPMSSAPAD,16,True,7,2,9
1420,SSRDTDLEF,12,True,2,7,9
1421,GDKGERGFP,21,False,2,7,9
1422,HFSECHKKN,16,False,4,5,9
1423,QELGKHWAQ,17,True,8,1,9
1424,WDEKVRDVS,0,True,4,5,9
1425,DTSVSLALE,10,False,2,7,9
1426,EVLLHDCDR,20,False,8,1,9
1427,HLADHLPAL,2,True,4,5,9
1428,STLSILQHL,14,True,4,5,9
1429,LGKYLATKC,22,False,4,5,9
1430,SPNQTLITN,17,False,7,2,9
1431,YGRRPIMGS,4,False,6,3,9
1432,EPLPQCSLG,16,True,4,5,9
1433,WAEDDHMEN,17,False,7,2,9
1434,DFDVLRQLF,11,True,2,7,9
1435,MPKRRTLFQ,14,False,2,7,9
1436,SRIDSMVPK,15,True,1,8,9
1437,CSPILLFMT,12,False,2,7,9
1438,HLKKKMWRD,2,False,6,3,9
1439,VPRAPTPGQ,13,False,8,1,9
1440,FKEPYNTQG,0,True,4,5,9
1441,KFFTCWYNP,10,False,5,4,9
1442,DIVDSGVEI,2,False,6,3,9
1443,SPNPPHTYV,17,True,4,5,9
1444,RNQWRNGYS,7,True,1,8,9
1445,DLYHTFRPV,9,False,8,1,9
1446,LLKENWFEE,13,True,8,1,9
1447,YTLLTKGVA,5,True,6,3,9
1448,AEKFIRRLQ,5,True,4,5,9
1449,VILRKSGTA,14,True,7,2,9
1450,PGHFQTLPN,23,False,6,3,9
1451,SPASKRARL,1,True,3,6,9
1452,DLWALGCIY,1,False,7,2,9
1453,DHTQHQLEK,4,False,7,2,9
1454,FVYRNPGGW,9,False,3,6,9
1455,LEAFRLPQR,6,False,7,2,9
1456,STAGPGNYV,9,False,1,8,9
1457,GGEEDLWST,25,True,5,4,9
1458,DLGSVFLAF,25,False,4,5,9
1459,SIFVGHEFE,15,False,4,5,9
1460,GYILKPRTS,13,False,4,5,9
1461,PFHQSHLPN,14,True,8,1,9
1462,DSKFGECSN,19,False,1,8,9
1463,ANSILKNRM,14,True,2,7,9
1464,AKYRQIILK,12,True,6,3,9
1465,RENQGPAHP,7,False,7,2,9
1466,AHWEGGCPG,11,True,7,2,9
1467,DLEMMDLQV,9,True,5,4,9
1468,QSLETRAQD,25,False,7,2,9
1469,KRDSQGTYT,19,False,8,1,9
1470,TPTKVETTP,5,False,3,6,9
1471,YREDGKVFD,3,True,1,8,9
1472,RRGRSGGQG,22,True,4,5,9
1473,KDPEPEDEL,1,True,8,1,9
1474,KQVEGLPED,13,True,8,1,9
1475,NCEVALSYR,9,True,8,1,9
1476,VNKLKREMA,8,True,8,1,9
1477,CHTAVDCKF,18,False,6,3,9
1478,GTTSGTPSC,0,False,3,6,9
1479,QLLYSYGFL,18,True,2,7,9
1480,IGSLAGRGR,3,True,6,3,9
1481,LAEGLKIAA,12,False,2,7,9
1482,TMPCTATPP,4,False,5,4,9
1483,VEPRKPKRR,1,False,3,6,9
1484,SGSKGRSKS,5,False,1,8,9
1485,SPDALSCGE,7,True,3,6,9
1486,QHLGQLKDH,18,False,5,4,9
1487,YHATFGKLV,19,True,2,7,9
1488,GRGPGPFVK,7,False,5,4,9
1489,KLNDIFHVQ,16,True,1,8,9
1490,DCMRELDRE,5,False,7,2,9
1491,TSKAAVRSS,23,True,6,3,9
1492,ITCDGSIVV,5,False,3,6,9
1493,TDRFLMLAE,12,False,6,3,9
1494,KQKELNPNM,23,True,4,5,9
1495,QFLDAVAEY,13,False,2,7,9
1496,ESHFVSALA,8,True,8,1,9
1497,HHLYILLLI,23,True,5,4,9
1498,WYVISSCII,19,False,8,1,9
1499,FCKQNQEAV,19,False,8,1,9
