,length1,binding1_2,binding1_1,binding2_1,binding2_2,reversed,distance,seq_1,seq_2,seq_3,seq_4,seq_5,seq_6,seq_7,seq_8,seq_9,cleavage1_1,cleavage1_2,cleavage2_1,cleavage2_2,cleavage3_1,cleavage3_2,cleavage4_1,cleavage4_2
0,5,V,A,G,A,True,16,G,L,P,V,A,G,A,V,L,A,D,V,K,Q,V,G,S
1,6,T,A,V,T,False,6,P,V,A,S,T,A,V,T,A,T,L,S,T,V,V,A,A
2,5,A,P,V,A,True,11,K,A,A,A,P,V,A,K,A,N,T,A,K,K,V,K,A
3,7,A,A,W,K,False,16,S,A,A,A,A,A,A,W,K,A,V,T,R,H,F,I,I
4,1,,A,V,A,False,19,A,V,A,L,P,G,T,K,P,R,L,R,T,G,N,T,P
5,6,S,S,I,V,False,3,P,G,L,A,S,S,I,V,L,P,S,P,E,E,K,G,Q
6,6,S,V,V,V,False,16,S,S,V,S,S,V,V,V,V,L,S,R,L,Y,H,W,M
7,1,,P,G,L,True,9,P,G,L,S,S,A,L,L,I,N,L,S,G,N,D,L,Y
8,3,I,A,S,E,True,16,S,I,A,S,E,G,T,V,L,V,Y,V,P,T,G,S,P
9,3,P,T,A,L,False,3,A,P,T,A,L,A,V,A,Y,A,Q,A,L,L,V,G,F
10,4,H,P,C,A,True,17,K,T,H,P,C,A,A,P,G,F,V,L,M,G,C,M,Q
11,3,A,A,K,P,False,16,A,A,A,K,P,V,T,N,I,A,E,V,H,W,N,S,A
12,3,V,A,A,R,False,5,A,V,A,A,R,A,G,L,R,N,R,G,T,A,R,A,G
13,7,G,P,K,P,False,19,Q,A,A,A,F,G,P,K,P,R,V,G,Q,Y,I,H,V
14,7,L,L,T,F,False,19,K,C,G,G,G,L,L,T,F,F,M,I,G,L,F,P,G
15,7,I,G,L,M,False,2,G,R,P,G,P,I,G,L,M,P,R,V,L,V,L,K,S
16,5,I,V,A,V,True,15,S,P,S,I,V,A,V,L,L,G,M,R,C,M,L,K,V
17,7,L,V,S,K,False,9,P,A,A,L,T,L,V,S,K,L,D,S,R,L,E,N,S
18,5,G,S,V,I,True,4,G,P,P,G,S,V,I,L,Y,A,A,A,G,K,Q,D,P
19,1,,P,G,P,True,9,P,G,P,S,G,L,L,V,Y,I,R,D,K,F,R,Q,G
20,6,T,A,L,M,False,15,S,P,G,N,T,A,L,M,L,A,P,A,P,L,L,L,V
21,4,L,K,K,D,True,4,S,A,L,K,K,D,K,G,G,F,S,N,S,L,F,P,E
22,3,G,V,G,K,False,18,S,G,V,G,K,V,L,L,M,A,A,P,Q,V,H,Q,K
23,2,K,F,D,V,True,18,K,F,D,V,G,A,G,V,I,K,E,E,V,F,I,D,E
24,2,V,S,A,S,False,2,V,S,A,S,L,S,I,T,K,Q,L,L,E,L,E,A,L
25,1,,E,A,S,True,19,E,A,S,G,A,T,Y,V,L,P,K,T,A,F,C,Y,H
26,6,V,S,V,T,False,8,V,P,V,V,V,S,V,T,L,T,Q,P,R,H,T,Q,T
27,3,V,V,V,T,True,17,P,V,V,V,T,L,A,T,L,T,P,L,R,I,K,K,M
28,1,,H,S,G,False,2,H,S,G,P,I,S,T,S,K,Q,R,S,I,S,I,P,L
29,7,D,A,P,Q,True,3,I,S,I,L,G,D,A,P,Q,R,L,R,K,E,L,Y,R
30,7,S,S,Q,K,False,15,I,L,G,S,P,S,S,Q,K,E,I,G,V,M,W,I,E
31,2,T,T,A,K,True,17,T,T,A,K,P,V,A,T,K,P,A,K,P,A,A,P,E
32,5,P,P,A,V,False,6,C,P,I,P,P,A,V,E,V,K,M,K,N,F,Q,V,L
33,3,Q,A,I,N,False,16,H,Q,A,I,N,L,G,A,T,I,L,D,S,T,T,K,N
34,2,K,E,E,A,True,14,K,E,E,A,G,A,L,V,L,S,L,H,D,N,L,A,D
35,5,I,S,S,S,True,19,P,V,N,I,S,S,S,L,L,R,D,F,W,N,N,N,N
36,1,,A,L,P,False,3,A,L,P,A,L,A,F,R,A,G,Q,E,Q,Q,G,L,Q
37,7,P,P,L,Y,True,14,V,A,A,S,L,P,P,L,Y,N,A,R,V,L,T,C,S
38,3,E,P,V,S,False,11,T,E,P,V,S,A,E,L,S,P,G,T,G,G,T,S,P
39,2,K,A,S,R,True,19,K,A,S,R,A,T,S,V,L,T,S,Q,R,M,L,A,G
40,4,G,T,T,E,True,7,A,D,G,T,T,E,L,I,N,C,D,S,T,R,C,E,Y
41,3,A,F,G,A,True,19,L,A,F,G,A,P,C,R,V,V,S,L,C,V,C,L,A
42,4,P,S,G,Y,True,15,N,A,P,S,G,Y,L,V,I,S,E,L,L,L,F,L,I
43,4,G,P,C,L,False,16,V,V,G,P,C,L,P,F,C,Q,L,Y,A,T,F,G,S
44,5,L,G,M,I,True,2,E,T,G,L,G,M,I,T,I,A,K,L,K,F,Q,A,K
45,5,S,A,P,S,True,8,K,L,F,S,A,P,S,G,K,S,S,K,L,D,E,T,K
46,3,T,S,P,G,False,4,C,T,S,P,G,S,F,L,K,C,R,L,S,H,K,P,P
47,4,C,K,G,K,False,7,K,T,C,K,G,K,A,G,F,C,P,N,F,C,T,S,Q
48,3,P,P,L,Y,True,15,G,P,P,L,Y,P,L,S,P,D,E,T,P,N,E,G,K
49,5,L,P,I,F,True,10,A,V,A,L,P,I,F,I,P,P,C,I,I,S,V,E,S
50,3,P,V,V,C,False,9,K,P,V,V,C,V,I,D,A,D,G,R,K,E,E,L,L
51,1,,K,L,D,True,4,K,L,D,A,A,N,K,A,L,L,D,A,D,P,A,D,S
52,1,,K,V,R,False,6,K,V,R,S,T,G,P,A,K,R,V,Y,T,H,T,S,R
53,3,C,L,I,L,False,8,I,C,L,I,L,A,I,S,V,A,T,S,K,W,V,P,I
54,3,T,L,D,L,False,2,K,T,L,D,L,A,S,K,A,L,R,K,D,K,D,N,I
55,3,D,K,N,A,False,6,K,D,K,N,A,S,A,S,K,E,E,E,T,A,A,S,A
56,2,K,T,V,G,True,16,K,T,V,G,P,N,A,T,Y,R,P,P,F,T,K,N,F
57,3,S,N,S,S,True,7,L,S,N,S,S,I,T,T,K,Y,F,H,I,Y,T,F,G
58,7,T,P,V,I,True,9,F,S,T,S,V,T,P,V,I,R,D,K,Q,G,Q,V,K
59,3,C,A,V,V,False,17,H,C,A,V,V,V,L,V,L,P,P,K,L,F,V,L,A
60,5,K,P,S,P,False,3,K,R,D,K,P,S,P,A,G,R,E,R,S,S,T,Q,H
61,4,L,S,K,V,True,18,H,T,L,S,K,V,A,S,L,N,Q,Q,P,A,C,F,D
62,4,V,W,P,A,True,19,K,S,V,W,P,A,L,V,G,E,A,A,L,S,L,Q,V
63,3,T,R,V,V,False,14,G,T,R,V,V,K,A,N,I,L,F,S,S,E,E,R,D
64,4,G,A,H,L,False,4,P,H,G,A,H,L,L,T,L,I,L,S,F,H,G,N,V
65,6,F,I,E,R,False,4,G,V,A,P,F,I,E,R,A,G,T,G,F,I,Q,W,L
66,3,H,V,A,L,False,10,S,H,V,A,L,K,H,P,A,K,R,L,P,P,P,T,K
67,6,S,I,L,D,False,8,K,G,L,T,S,I,L,D,L,T,L,Q,N,T,G,L,S
68,3,A,C,V,Q,True,4,K,A,C,V,Q,S,V,L,L,A,G,G,V,A,T,D,S
69,3,S,L,P,K,True,1,T,S,L,P,K,T,F,A,P,P,N,N,S,K,P,N,T
70,7,T,S,S,K,True,15,K,P,T,R,G,T,S,S,K,F,D,I,K,L,D,A,R
71,1,,R,V,P,False,19,R,V,P,P,P,G,P,E,L,Q,Q,L,V,E,P,T,P
72,5,V,I,T,D,False,5,A,V,S,V,I,T,D,E,E,S,P,T,I,S,D,E,T
73,3,P,G,F,L,True,6,K,P,G,F,L,G,T,S,R,R,C,A,N,T,N,S,S
74,5,P,P,A,P,True,3,K,D,K,P,P,A,P,P,N,R,F,H,N,I,Y,N,R
75,7,A,Q,A,L,False,12,K,C,F,G,Q,A,Q,A,L,V,T,K,F,Q,D,K,W
76,1,,A,I,N,True,14,A,I,N,T,S,A,F,E,L,C,E,L,Q,E,R,N,E
77,4,G,C,D,I,True,19,L,G,G,C,D,I,Y,N,L,R,V,W,V,S,R,Q,Q
78,6,P,A,V,Q,False,4,K,E,A,P,P,A,V,Q,K,K,K,K,V,P,E,G,V
79,1,,H,A,S,False,11,H,A,S,D,Q,S,L,V,L,T,A,C,I,G,V,T,A
80,5,G,L,K,V,False,13,K,R,G,G,L,K,V,V,L,V,E,L,R,K,E,M,Y
81,7,V,L,T,I,True,0,P,D,N,S,I,V,L,T,I,T,I,M,A,V,A,P,D
82,8,V,A,K,,True,11,K,D,A,R,S,P,V,A,K,G,C,D,W,N,L,I,F
83,5,G,V,F,L,True,11,K,P,P,G,V,F,L,T,I,R,V,M,I,T,L,S,P
84,5,S,T,F,H,False,15,L,S,P,S,T,F,H,A,L,L,D,G,I,E,V,S,R
85,6,L,A,K,Q,True,16,G,I,M,V,L,A,K,Q,I,E,K,G,D,K,Q,R,R
86,7,Y,P,L,E,True,18,T,A,A,L,P,Y,P,L,E,T,G,L,K,P,G,R,G
87,4,V,S,L,A,True,15,I,E,V,S,L,A,F,V,P,S,Q,A,L,E,N,S,S
88,3,T,T,V,K,True,13,K,T,T,V,K,K,G,D,V,G,C,T,S,V,L,K,P
89,7,V,S,L,I,False,3,A,I,N,V,F,V,S,L,I,G,K,A,N,N,R,H,Q
90,6,L,M,A,V,False,15,K,G,C,Q,L,M,A,V,K,E,T,A,T,F,V,R,L
91,6,L,L,P,P,True,19,P,L,W,A,L,L,P,P,A,F,R,A,F,G,T,P,P
92,6,M,T,I,V,False,2,L,P,A,A,M,T,I,V,Y,P,A,A,G,A,G,A,Q
93,5,I,G,P,V,True,15,I,M,S,I,G,P,V,V,Y,A,D,V,N,T,R,Q,V
94,5,T,L,G,L,False,9,G,L,W,T,L,G,L,G,Y,G,P,Q,E,Y,T,V,Q
95,2,K,S,G,A,False,9,K,S,G,A,K,K,T,L,F,S,V,K,D,K,E,P,P
96,3,S,Y,A,V,True,4,D,S,Y,A,V,S,L,I,L,V,K,P,V,S,E,G,F
97,2,I,C,S,T,True,6,I,C,S,T,K,K,T,S,I,S,S,D,P,D,L,K,S
98,7,P,F,S,K,False,16,K,S,A,F,A,P,F,S,K,D,I,G,K,G,K,G,Y
99,8,V,C,Y,,False,8,P,L,C,G,Q,T,V,C,Y,Q,P,D,N,S,Q,N,G
100,3,P,I,A,T,False,12,K,P,I,A,T,L,L,D,L,L,R,D,M,R,E,R,S
101,1,,I,S,H,False,17,I,S,H,L,M,A,V,T,I,S,A,L,R,C,A,F,Y
102,8,R,G,R,,False,18,K,T,A,I,S,P,R,G,R,L,A,L,Q,S,L,Y,L
103,3,T,A,R,P,True,12,K,T,A,R,P,A,R,S,V,S,K,P,R,K,E,M,E
104,3,A,V,R,A,False,9,K,A,V,R,A,K,T,V,L,Q,Y,K,E,L,K,T,V
105,7,V,L,A,T,True,15,K,R,I,G,K,V,L,A,T,E,G,D,H,Y,V,Y,Y
106,2,K,L,R,K,False,14,K,L,R,K,G,A,V,I,T,S,F,S,V,I,G,Q,I
107,6,L,Y,H,L,True,0,A,V,S,I,L,Y,H,L,A,L,A,G,T,F,S,A,V
108,5,K,P,E,V,True,2,K,G,C,K,P,E,V,L,I,D,G,P,E,H,I,D,G
109,7,L,S,G,K,True,4,K,N,V,Q,L,L,S,G,K,D,Y,Q,F,L,C,H,V
110,3,L,K,V,D,True,19,L,L,K,V,D,L,T,G,K,S,H,G,N,R,R,A,K
111,2,V,E,K,E,True,5,V,E,K,E,K,S,V,A,V,Q,L,V,E,M,R,L,E
112,3,E,K,L,T,True,18,K,E,K,L,T,V,G,T,L,N,K,S,R,V,E,D,L
113,7,A,A,L,K,True,15,K,E,M,K,A,A,A,L,K,I,K,R,E,K,Y,Y,L
114,7,A,A,F,R,True,7,K,L,A,D,V,A,A,F,R,P,Q,P,P,Y,G,L,P
115,8,T,P,G,,True,11,K,T,Q,T,M,K,T,P,G,T,D,K,G,M,V,I,S
116,4,L,M,P,T,True,3,K,A,L,M,P,T,V,T,M,R,I,T,G,K,P,P,R
117,4,T,R,A,M,False,3,K,E,T,R,A,M,A,G,K,S,D,L,A,A,T,T,D
118,5,T,P,T,T,True,0,K,T,T,T,P,T,T,N,K,N,K,K,S,K,D,K,T
119,3,Y,A,R,T,False,8,Q,Y,A,R,T,G,P,S,L,W,G,S,D,L,R,S,E
120,2,I,Y,V,G,False,19,I,Y,V,G,L,K,G,M,L,I,V,A,I,I,V,I,Q
121,7,A,P,I,L,True,14,K,P,E,L,L,A,P,I,L,T,L,L,Q,R,S,E,P
122,6,G,R,V,T,True,5,H,L,L,T,G,R,V,T,V,L,H,R,H,T,S,P,L
123,3,Q,G,A,V,True,18,P,Q,G,A,V,F,N,T,Y,A,H,K,I,K,N,Y,A
124,1,,H,E,L,True,1,H,E,L,L,G,P,I,S,M,M,N,G,V,I,L,N,H
125,1,,K,A,N,True,9,K,A,N,E,S,H,I,V,V,M,S,F,T,Q,N,Q,A
126,2,F,S,A,F,False,8,F,S,A,F,S,L,V,L,L,H,E,K,E,L,L,L,R
127,3,T,A,L,L,False,1,R,T,A,L,L,L,P,G,R,G,T,C,L,A,C,L,D
128,7,D,I,V,I,True,6,A,S,H,D,Q,D,I,V,I,D,A,M,L,R,A,H,P
129,7,D,L,V,L,True,0,H,D,A,S,Q,D,L,V,L,V,L,V,Y,D,G,H,D
130,7,V,F,Q,I,False,15,L,G,A,C,F,V,F,Q,I,S,A,S,P,A,I,S,F
131,4,F,L,I,P,False,6,K,P,F,L,I,P,S,P,V,V,C,F,L,K,K,K,L
132,1,,P,N,D,False,10,P,N,D,L,L,N,S,L,L,K,F,P,G,V,L,K,H
133,1,,K,Y,P,False,17,K,Y,P,I,V,K,P,G,P,A,R,I,G,V,G,N,C
134,8,G,I,F,,False,11,N,G,E,I,S,Y,G,I,F,G,L,K,M,C,M,S,I
135,6,G,F,L,E,True,9,H,N,G,L,G,F,L,E,I,G,V,V,Q,G,A,L,E
136,2,K,S,F,H,False,9,K,S,F,H,P,V,T,P,S,A,A,M,L,S,H,L,V
137,4,S,L,L,K,False,14,K,L,S,L,L,K,S,P,N,A,D,Y,S,P,S,G,V
138,6,L,S,L,E,False,10,E,P,E,A,L,S,L,E,L,E,A,P,V,P,E,A,L
139,7,V,H,V,I,False,1,F,C,L,V,A,V,H,V,I,C,V,A,V,H,A,G,D
140,3,I,Q,L,W,True,6,S,I,Q,L,W,I,G,A,I,A,Y,A,A,M,L,L,C
141,5,D,P,K,L,True,10,C,A,K,D,P,K,L,L,L,A,L,V,K,L,V,P,L
142,2,L,E,N,K,True,3,L,E,N,K,K,G,K,A,L,H,Q,S,L,E,I,L,H
143,2,R,V,T,G,True,19,R,V,T,G,A,L,Q,K,K,K,T,T,S,S,S,A,S
144,6,D,K,D,V,True,5,K,A,G,R,D,K,D,V,L,N,V,Y,K,Q,N,H,A
145,8,K,G,K,,True,4,K,V,Q,V,T,N,K,G,K,R,W,Y,Y,G,I,L,D
146,3,T,N,P,S,False,9,K,T,N,P,S,Q,T,T,K,Q,R,S,E,S,A,R,S
147,7,L,P,L,L,True,10,T,Y,I,D,G,L,P,L,L,P,N,S,Q,N,S,L,M
148,5,H,S,Q,V,False,13,S,P,K,H,S,Q,V,S,H,G,Q,Q,C,V,Q,W,L
149,7,I,L,S,T,True,1,M,L,N,K,S,I,L,S,T,T,L,E,D,L,V,L,M
150,7,V,G,G,F,True,5,V,H,Y,T,Q,V,G,G,F,L,A,N,L,P,I,V,N
151,2,E,S,Y,V,False,9,E,S,Y,V,A,I,T,I,L,A,M,Q,N,R,G,D,I
152,5,T,Y,P,V,False,2,K,G,A,T,Y,P,V,H,H,V,P,G,K,G,K,G,V
153,6,A,E,E,E,False,10,T,M,T,E,A,E,E,E,A,E,R,V,R,A,G,F,E
154,5,R,S,V,L,False,10,K,L,A,R,S,V,L,S,H,L,H,P,C,I,W,R,G
155,6,E,I,L,A,True,7,K,P,Q,V,E,I,L,A,I,K,T,G,A,Q,T,N,E
156,7,P,K,L,R,False,16,K,S,G,P,E,P,K,L,R,I,P,R,R,F,S,V,F
157,2,K,I,P,A,False,17,K,I,P,A,N,L,A,V,W,R,K,A,A,H,K,L,S
158,6,R,P,L,I,True,9,K,A,G,E,R,P,L,I,K,T,N,S,D,Q,W,M,G
159,3,F,E,G,F,True,8,S,F,E,G,F,S,P,E,L,K,I,E,F,M,S,I,D
160,7,Y,V,L,I,True,12,Y,L,G,D,G,Y,V,L,I,A,L,I,N,G,D,E,V
161,2,K,L,M,S,False,5,K,L,M,S,G,I,I,N,H,F,N,G,L,Q,C,E,A
162,4,E,K,D,P,True,10,K,G,E,K,D,P,L,L,L,E,S,E,K,T,P,T,K
163,5,L,N,M,Q,False,6,G,Q,P,L,N,M,Q,L,I,H,L,I,F,T,D,C,G
164,7,A,L,V,K,False,6,K,M,P,K,V,A,L,V,K,S,F,K,G,V,D,G,P
165,6,S,F,I,S,True,1,P,T,L,S,S,F,I,S,Y,Y,I,N,L,G,G,I,P
166,3,T,H,I,P,True,15,F,T,H,I,P,S,Q,G,K,Q,A,Y,N,H,G,V,T
167,3,H,S,P,P,False,6,K,H,S,P,P,P,P,E,K,S,E,Q,N,I,V,S,L
168,2,L,E,N,K,True,3,L,E,N,K,K,G,K,S,L,Q,Q,N,V,E,I,L,Q
169,4,L,A,L,M,True,15,N,L,L,A,L,M,K,T,L,L,L,I,H,N,E,Q,F
170,3,K,M,K,G,True,15,K,K,M,K,G,S,L,P,K,A,M,Y,K,D,P,W,V
171,3,L,K,S,K,False,15,S,L,K,S,K,L,D,L,I,Q,A,L,L,P,L,A,I
172,4,L,M,I,S,False,8,K,L,L,M,I,S,I,K,A,K,C,I,A,T,E,K,E
173,7,R,A,V,T,False,5,S,H,S,L,F,R,A,V,T,A,P,S,S,G,K,F,P
174,6,T,S,R,K,False,12,T,I,S,Q,T,S,R,K,P,T,K,A,P,L,I,H,T
175,6,K,S,E,I,True,11,D,I,L,I,K,S,E,I,S,L,F,G,E,L,P,N,A
176,3,W,K,V,T,False,13,K,W,K,V,T,A,S,V,V,E,E,N,D,Y,S,T,R
177,2,K,G,E,E,True,13,K,G,E,E,S,K,E,I,T,K,K,N,L,R,F,P,G
178,7,A,A,T,R,False,13,K,E,M,L,T,A,A,T,R,P,F,C,P,A,I,G,L
179,8,L,S,Y,,True,15,G,Q,L,V,K,L,L,S,Y,I,K,V,R,C,G,R,G
180,6,A,E,Y,I,True,15,D,Q,G,I,A,E,Y,I,L,E,T,T,E,K,G,D,T
181,5,L,K,Y,L,False,16,G,C,L,L,K,Y,L,V,I,F,M,D,H,T,I,K,S
182,7,G,L,S,Y,False,9,Y,G,H,L,L,G,L,S,Y,S,M,Q,K,C,A,I,T
183,5,T,K,C,L,False,5,K,S,S,T,K,C,L,Q,K,E,K,L,R,D,T,T,N
184,8,L,T,M,,False,8,Y,S,L,P,L,S,L,T,M,K,V,P,T,E,A,P,T
185,5,N,L,I,V,False,15,K,C,A,N,L,I,V,T,Y,D,D,F,E,R,K,P,G
186,5,T,I,V,V,False,10,Y,P,A,T,I,V,V,V,Y,C,I,A,S,T,C,T,G
187,4,A,P,P,E,False,4,K,E,A,P,P,E,V,Q,K,K,K,P,A,K,V,G,V
188,2,L,T,T,S,True,9,L,T,T,S,K,L,Y,S,L,F,A,I,I,T,L,L,F
189,5,L,Y,S,L,True,16,K,S,T,L,Y,S,L,T,L,K,R,F,N,D,A,H,G
190,7,V,L,K,K,False,5,K,Q,G,Q,P,V,L,K,K,C,W,V,S,V,H,L,K
191,3,Y,I,L,T,True,10,T,Y,I,L,T,T,P,A,F,L,C,N,N,A,Q,P,V
192,6,G,I,Q,R,True,11,K,L,S,K,G,I,Q,R,P,A,K,R,P,S,G,A,L
193,2,F,G,Y,A,False,12,F,G,Y,A,P,E,Q,S,E,H,G,S,S,P,S,E,A
194,7,K,R,L,P,True,11,A,T,S,Q,Q,K,R,L,P,D,H,D,F,Q,W,L,E
195,6,Q,Q,S,P,False,15,K,K,Q,K,Q,Q,S,P,G,E,E,S,A,N,P,G,A
196,8,V,Q,K,,True,3,K,E,L,A,G,R,V,Q,K,L,D,Q,I,A,A,Y,L
197,3,H,L,Y,L,True,7,K,H,L,Y,L,I,G,K,G,G,Q,N,S,S,Y,S,L
198,6,R,T,S,S,True,3,L,T,C,V,R,T,S,S,Y,C,L,M,M,S,E,N,C
199,3,E,K,H,A,True,11,I,E,K,H,A,G,L,V,Y,T,F,C,N,L,G,E,Y
200,4,L,Y,L,P,False,1,T,K,L,Y,L,P,A,S,H,L,Q,T,L,Y,T,A,T
201,6,L,R,A,S,False,13,K,L,D,V,L,R,A,S,K,V,P,N,S,E,K,W,Y
202,5,D,L,G,S,False,10,K,I,R,D,L,G,S,N,K,L,Q,I,A,L,D,S,H
203,4,F,K,P,L,False,6,K,D,F,K,P,L,G,V,K,D,E,D,Y,L,G,L,M
204,4,P,K,E,I,True,2,K,M,P,K,E,I,S,S,I,I,S,A,D,L,E,I,S
205,4,G,R,P,A,True,2,K,T,G,R,P,A,K,F,K,S,I,G,P,E,D,S,I
206,2,K,A,K,C,False,4,K,A,K,C,K,E,K,A,K,R,R,T,L,H,R,P,E
207,6,P,G,F,Q,True,16,K,G,S,W,P,G,F,Q,K,D,L,R,G,P,T,V,P
208,7,A,M,L,L,True,7,E,K,C,N,L,A,M,L,L,S,L,T,Q,V,G,R,Q
209,6,P,L,L,I,False,2,K,H,V,S,P,L,L,I,K,H,G,W,E,W,E,W,C
210,7,S,L,E,I,True,8,H,P,N,I,I,S,L,E,I,G,D,L,D,F,R,T,L
211,5,T,L,V,A,False,3,K,Y,R,T,L,V,A,G,K,S,T,R,Q,Q,C,E,T
212,2,K,E,V,R,False,12,K,E,V,R,I,H,A,A,L,Q,A,D,F,L,H,A,S
213,7,H,V,A,Y,False,2,S,K,Y,G,L,H,V,A,Y,L,H,S,P,S,P,E,G
214,7,V,L,T,F,True,0,C,E,K,V,V,V,L,T,F,T,F,M,N,H,T,C,E
215,4,G,F,V,V,True,11,E,P,G,F,V,V,D,L,Y,P,P,S,P,W,A,G,K
216,3,S,S,S,W,False,1,L,S,S,S,W,S,I,M,K,Q,G,E,S,S,E,N,M
217,3,V,S,L,F,False,5,K,V,S,L,F,S,E,T,K,C,I,R,P,T,R,A,F
218,4,V,E,S,F,False,15,P,N,V,E,S,F,I,S,F,Y,P,C,V,Q,L,Q,L
219,7,L,N,V,L,True,14,H,P,S,V,Y,L,N,V,L,F,Y,G,N,I,D,C,R
220,5,F,V,S,G,True,1,M,I,F,F,V,S,G,K,I,I,Y,L,V,R,T,Y,M
221,2,K,R,Q,P,True,10,K,R,Q,P,E,S,G,I,K,D,K,L,A,S,P,R,L
222,5,Y,H,S,L,True,7,K,L,P,Y,H,S,L,K,G,G,K,L,G,P,Q,K,I
223,5,E,P,M,K,True,18,I,L,K,E,P,M,K,L,A,L,S,Y,Q,P,F,Q,Q
224,4,N,I,T,T,False,2,K,L,N,I,T,T,P,K,K,A,G,T,K,T,K,D,G
225,6,V,V,L,L,False,11,L,F,N,P,V,V,L,L,K,T,P,Y,T,K,A,L,K
226,2,K,E,A,N,True,7,K,E,A,N,R,L,G,E,K,Q,V,L,F,D,D,V,I
227,6,I,S,L,E,True,1,K,N,D,L,I,S,L,E,L,L,L,I,K,E,K,L,K
228,3,E,G,D,K,False,18,K,E,G,D,K,I,I,E,L,P,P,E,R,I,N,K,D
229,5,T,Q,Q,A,True,4,K,E,I,T,Q,Q,A,V,K,Q,Q,S,P,T,R,A,V
230,5,L,K,S,W,False,19,K,T,G,L,K,S,W,I,L,G,R,I,S,V,Y,V,L
231,3,K,P,M,D,True,9,K,K,P,M,D,L,I,D,S,D,L,D,P,D,S,D,E
232,6,K,F,V,S,True,9,K,P,R,G,K,F,V,S,K,E,T,T,Y,D,H,V,T
233,3,P,D,N,V,False,8,K,P,D,N,V,S,Y,K,P,R,L,E,G,V,L,Q,K
234,8,Y,V,L,,True,10,T,P,E,D,L,V,Y,V,L,Q,P,D,P,G,R,E,L
235,2,K,F,A,L,True,13,K,F,A,L,N,L,T,E,L,S,K,F,S,L,S,V,N
236,2,K,D,D,I,False,12,K,D,D,I,F,N,V,A,K,T,L,L,P,A,S,P,K
237,2,R,C,V,L,False,8,R,C,V,L,L,P,V,S,Y,G,Y,R,F,K,Y,G,V
238,7,N,L,S,F,True,4,N,L,T,K,I,N,L,S,F,L,Q,N,H,N,E,Q,G
239,1,,Y,L,Q,False,16,Y,L,Q,K,K,I,G,S,L,L,S,L,A,D,I,Q,K
240,7,Q,D,G,F,True,19,W,N,N,G,L,Q,D,G,F,G,T,G,Y,T,H,K,G
241,5,E,V,V,E,True,15,V,L,E,E,V,V,E,A,Y,S,S,Q,R,P,P,S,D
242,7,S,N,I,R,False,2,F,V,T,V,D,S,N,I,R,H,P,K,P,K,P,E,L
243,3,L,H,S,L,False,5,E,L,H,S,L,V,E,I,I,F,P,M,V,L,E,L,V
244,6,Q,T,S,H,True,11,S,H,M,L,Q,T,S,H,L,D,V,K,I,T,D,H,T
245,4,D,K,S,R,False,6,K,T,D,K,S,R,T,F,A,H,V,H,A,F,L,L,A
246,3,V,L,A,W,True,2,H,V,L,A,W,L,P,A,F,V,P,G,V,G,M,V,P
247,7,V,Y,L,I,False,7,S,P,D,F,T,V,Y,L,I,R,M,M,I,M,T,V,G
248,7,V,L,I,Y,True,0,P,D,S,F,T,V,L,I,Y,I,Y,S,E,E,S,P,D
249,3,I,F,T,M,False,7,K,I,F,T,M,S,Q,L,S,W,I,K,F,N,K,S,T
250,1,,K,G,H,False,17,K,G,H,V,F,L,L,Q,L,H,A,M,A,I,P,L,H
251,2,K,T,R,P,False,9,K,T,R,P,L,P,K,S,K,S,L,A,Q,L,P,A,S
252,3,W,V,G,P,False,15,K,W,V,G,P,K,L,D,L,H,F,K,Q,D,Q,G,F
253,4,H,S,L,T,False,13,R,I,H,S,L,T,S,S,R,H,Q,G,E,K,V,N,L
254,4,P,V,L,Q,True,9,K,E,P,V,L,Q,K,S,K,D,T,E,E,A,Q,G,P
255,3,E,N,L,N,True,18,K,E,N,L,N,A,L,Q,K,K,N,S,G,T,I,T,L
256,4,D,F,P,D,True,7,K,P,D,F,P,D,D,K,P,D,P,P,K,D,K,D,D
257,5,D,K,V,T,False,3,R,I,Q,D,K,V,T,A,K,C,F,L,L,L,T,E,D
258,5,L,Q,L,Y,False,14,K,P,L,L,Q,L,Y,A,L,I,L,Q,G,K,A,T,C
259,8,F,V,F,,True,12,P,D,K,G,Y,S,F,V,F,V,F,R,F,Q,T,S,P
260,6,Y,S,K,H,False,9,K,D,P,G,Y,S,K,H,Q,P,P,T,E,V,K,Y,P
261,2,K,I,D,G,False,12,K,I,D,G,Q,T,R,E,L,D,E,K,G,T,E,Q,N
262,7,T,I,Q,K,False,6,K,E,Q,G,K,T,I,Q,K,Q,I,S,N,D,V,A,D
263,5,P,V,F,R,False,13,L,D,I,P,V,F,R,S,L,S,P,D,V,E,G,K,E
264,1,,K,L,Q,False,16,K,L,Q,D,T,K,I,T,L,A,L,L,F,E,S,I,I
265,4,G,T,W,K,False,4,P,N,G,T,W,K,D,K,D,Y,N,K,K,E,N,L,T
266,6,K,T,V,L,False,2,E,V,M,L,K,T,V,L,Q,E,L,Q,N,Q,N,Q,R
267,4,D,L,K,P,False,8,V,V,D,L,K,P,F,S,R,S,M,K,N,P,S,G,S
268,4,G,E,S,Y,True,3,K,D,G,E,S,Y,I,S,Y,N,N,T,S,R,Y,S,N
269,3,Y,L,F,E,True,5,A,Y,L,F,E,N,A,S,F,I,K,N,S,I,S,L,D
270,6,L,V,T,E,False,2,R,M,L,S,L,V,T,E,I,D,A,S,K,S,K,E,E
271,4,K,H,A,P,False,3,K,E,K,H,A,P,P,Q,K,E,C,G,I,I,F,I,S
272,6,L,F,L,G,True,6,K,L,I,M,L,F,L,G,K,H,T,P,Q,C,Y,D,H
273,7,C,E,V,M,True,8,K,V,K,L,N,C,E,V,M,E,K,V,K,S,P,F,P
274,7,L,P,S,Y,False,12,K,L,E,D,V,L,P,S,Y,Q,V,L,A,E,A,S,L
275,7,F,R,S,S,False,15,D,H,A,V,F,F,R,S,S,S,K,E,M,G,Y,I,L
276,4,F,E,A,A,False,1,Q,P,F,E,A,A,F,Q,K,P,E,K,A,E,K,Q,N
277,3,V,T,Q,I,True,4,Y,V,T,Q,I,P,V,T,F,G,F,L,V,A,E,V,L
278,2,K,E,T,S,False,17,K,E,T,S,H,P,L,K,Q,K,L,V,I,V,H,R,R
279,6,N,A,Y,A,True,11,Y,Q,N,K,N,A,Y,A,P,K,P,I,N,T,V,F,T
280,8,F,F,S,,True,4,D,A,Q,I,K,L,F,F,S,A,N,D,Y,Q,I,N,P
281,3,R,S,P,V,True,4,T,R,S,P,V,K,Q,P,R,S,E,L,S,K,I,I,C
282,8,P,K,C,,True,0,T,Y,I,V,F,V,P,K,C,E,C,M,S,L,E,T,Y
283,2,K,W,G,K,True,1,K,W,G,K,P,V,M,V,K,K,L,G,M,L,T,L,K
284,7,S,F,V,F,True,0,P,E,K,G,Y,S,F,V,F,V,F,V,R,I,R,P,E
285,1,,H,V,L,False,6,H,V,L,M,K,I,D,A,F,G,L,Y,D,R,A,H,Y
286,5,Q,L,V,P,True,3,Y,V,I,Q,L,V,P,E,I,E,D,V,S,D,E,E,E
287,6,P,D,L,V,True,14,T,Q,R,V,P,D,L,V,F,V,F,K,R,T,S,G,P
288,5,L,G,D,I,True,4,K,P,W,L,G,D,I,V,F,T,L,D,G,D,K,Y,K
289,5,A,V,Y,I,True,5,P,M,K,A,V,Y,I,P,R,K,N,G,L,L,E,K,R
290,7,L,L,E,Y,True,12,Q,P,L,C,P,L,L,E,Y,P,G,R,R,V,M,L,S
291,1,,K,L,T,True,1,K,L,T,T,M,I,K,L,K,K,D,D,I,Q,A,D,K
292,2,D,H,A,Q,False,13,D,H,A,Q,Q,P,Y,S,M,V,S,W,A,G,L,E,K
293,2,K,N,A,E,False,5,K,N,A,E,V,H,E,S,Y,W,A,S,P,N,K,K,H
294,1,,K,P,S,True,10,K,P,S,W,S,M,L,E,V,Q,I,A,G,G,S,A,S
295,3,E,Q,S,K,False,4,E,E,Q,S,K,I,T,E,L,E,R,E,T,T,S,Q,L
296,5,N,K,V,M,False,6,K,N,K,N,K,V,M,S,K,I,V,N,G,V,I,Y,M
297,2,K,E,V,F,True,3,K,E,V,F,V,Q,T,N,I,N,W,R,T,H,V,L,N
298,5,Q,C,L,L,True,8,K,P,Y,Q,C,L,L,T,I,R,G,G,V,G,S,H,Q
299,6,Y,L,A,Y,True,0,P,L,N,N,Y,L,A,Y,I,Y,I,V,F,T,S,P,L
300,3,R,I,P,L,False,1,K,R,I,P,L,P,T,K,K,I,Y,K,P,I,K,T,G
301,7,L,E,V,G,False,14,K,Y,D,E,E,L,E,V,G,E,K,E,R,P,D,R,P
302,7,C,K,G,Y,True,2,K,P,Q,Q,M,C,K,G,Y,V,L,G,T,N,C,V,L
303,4,D,L,M,R,True,18,H,L,D,L,M,R,V,S,L,T,N,N,A,W,R,A,R
304,6,K,L,L,G,False,12,N,T,Y,L,K,L,L,G,Y,T,D,N,D,T,Y,A,V
305,7,L,N,K,A,False,18,K,D,H,I,F,L,N,K,A,L,T,S,A,G,V,V,F
306,6,V,S,L,E,False,18,K,E,R,P,V,S,L,E,K,P,V,E,M,R,N,Q,K
307,4,D,R,K,E,True,17,K,L,D,R,K,E,A,L,L,Q,Q,Q,K,P,F,R,E
308,3,D,K,K,K,True,0,V,D,K,K,K,L,K,E,V,E,V,Q,R,V,M,V,D
309,2,K,Q,V,Q,True,2,K,Q,V,Q,V,T,K,K,K,K,K,H,K,R,A,K,K
310,2,V,H,E,T,True,4,V,H,E,T,R,G,Y,I,L,Y,G,F,E,F,E,E,V
311,5,K,E,K,E,True,17,K,E,V,K,E,K,E,V,V,P,C,S,G,D,R,N,I
312,4,L,P,S,I,False,10,I,R,L,P,S,I,L,L,Y,L,M,D,R,V,L,L,A
313,7,V,E,S,I,True,11,E,V,K,E,R,V,E,S,I,I,L,K,N,P,N,K,K
314,2,K,Q,I,T,True,1,K,Q,I,T,S,W,A,Q,K,S,S,Q,M,G,N,S,E
315,4,K,W,K,A,True,8,K,T,K,W,K,A,L,S,K,E,V,G,V,L,Q,A,L
316,6,R,V,L,E,False,17,K,F,V,S,R,V,L,E,L,S,I,S,W,E,P,D,K
317,5,R,N,F,D,True,0,K,D,I,R,N,F,D,A,L,A,L,Q,V,H,D,K,D
318,8,H,T,F,,True,12,H,P,M,L,I,P,H,T,F,M,V,P,I,P,E,V,T
319,4,Y,L,C,N,True,16,P,H,Y,L,C,N,V,T,F,P,G,S,V,L,P,F,N
320,3,E,D,Y,G,False,17,K,E,D,Y,G,L,I,Q,K,T,R,L,G,A,L,C,K
321,5,A,W,Q,L,False,8,P,I,R,A,W,Q,L,P,L,Q,G,S,V,F,L,E,P
322,7,K,L,E,M,False,9,Q,D,A,F,L,K,L,E,M,N,S,Q,V,E,S,N,H
323,7,M,H,Y,T,True,11,R,H,G,P,P,M,H,Y,T,Q,L,S,Y,P,S,P,P
324,6,H,T,L,F,True,12,Q,H,I,A,H,T,L,F,E,S,A,T,A,E,Y,G,H
325,4,D,R,G,N,True,3,W,N,D,R,G,N,S,T,F,W,F,R,L,P,V,A,W
326,1,,K,S,S,True,13,K,S,S,E,R,S,I,Y,K,T,E,Q,V,D,T,A,R
327,7,V,L,Q,K,True,1,Q,R,A,Q,Q,V,L,Q,K,K,S,H,L,A,S,S,Q
328,4,H,G,E,P,True,19,R,E,H,G,E,P,V,L,Y,L,G,A,Q,L,P,A,R
329,4,V,F,L,L,True,19,K,S,V,F,L,L,H,K,K,K,K,V,V,S,L,I,H
330,6,V,L,A,L,True,5,F,F,N,N,V,L,A,L,Y,Y,T,M,F,T,E,G,P
331,3,D,N,K,R,False,13,L,D,N,K,R,V,E,N,I,G,V,L,L,G,L,Y,L
332,6,T,L,L,V,True,16,K,R,S,R,T,L,L,V,K,G,F,E,G,K,Q,S,G
333,5,T,H,D,P,True,11,K,I,F,T,H,D,P,E,D,P,Y,D,S,I,E,K,E
334,6,S,I,E,E,True,4,V,L,L,I,S,I,E,E,W,L,V,P,I,S,P,T,Y
335,6,Q,I,I,K,True,9,K,K,C,I,Q,I,I,K,K,P,K,K,D,D,T,A,L
336,8,M,K,V,,True,7,K,M,K,K,P,I,M,K,V,M,Y,A,D,M,L,Q,F
337,7,I,V,I,I,True,14,K,F,R,D,V,I,V,I,I,D,V,V,K,G,P,V,K
338,7,L,I,S,R,True,15,K,D,P,Y,I,L,I,S,R,L,L,A,A,Q,P,V,Q
339,6,W,G,K,I,False,13,K,V,F,V,W,G,K,I,K,R,T,L,N,G,S,V,P
340,5,V,V,E,S,True,0,Y,I,L,V,V,E,S,R,K,R,K,P,L,L,L,Y,I
341,4,N,Q,L,G,True,8,K,Y,N,Q,L,G,K,K,K,P,P,P,F,A,L,S,S
342,5,T,Q,N,V,True,12,K,F,N,T,Q,N,V,E,K,V,S,N,Y,E,E,N,T
343,4,K,D,F,P,True,2,T,I,K,D,F,P,Q,L,F,Q,S,G,T,G,I,Q,S
344,4,L,K,I,H,True,14,K,N,L,K,I,H,N,N,K,V,S,E,D,H,L,I,G
345,3,P,I,V,N,True,18,E,P,I,V,N,M,R,H,N,L,V,L,G,T,E,W,K
346,5,A,T,Y,I,True,16,K,E,E,A,T,Y,I,Q,K,F,P,E,G,V,R,P,D
347,3,P,T,Y,T,True,4,Q,P,T,Y,T,I,Y,L,I,T,V,Q,P,G,E,P,C
348,3,S,A,W,H,True,2,K,S,A,W,H,I,L,E,K,N,L,S,N,P,T,N,L
349,3,D,S,I,I,False,6,F,D,S,I,I,K,L,L,Y,G,A,S,S,F,L,E,K
350,2,K,I,I,D,True,10,K,I,I,D,P,L,K,R,E,K,C,F,Q,V,Y,A,I
351,7,T,H,F,D,True,4,V,T,K,E,H,T,H,F,D,Y,K,N,K,E,I,E,L
352,4,D,D,L,V,True,2,K,D,D,D,L,V,Y,V,F,N,A,G,S,G,T,N,A
353,4,Q,S,R,I,False,17,Q,L,Q,S,R,I,Q,Q,L,L,F,S,D,H,N,D,L
354,2,K,Y,I,V,False,5,K,Y,I,V,V,L,N,H,K,Y,L,G,K,N,A,F,E
355,5,R,E,V,E,False,2,K,K,I,R,E,V,E,V,L,H,V,G,Q,G,Q,K,A
356,2,L,E,V,T,True,12,L,E,V,T,R,Q,K,Q,L,A,I,E,Y,D,L,F,Q
357,4,R,K,K,L,True,11,L,E,R,K,K,L,S,Q,L,K,E,E,R,P,L,Q,Y
358,1,,K,H,T,False,13,K,H,T,I,Y,L,V,I,K,L,L,D,H,D,G,S,K
359,7,L,E,I,T,True,5,K,E,R,V,K,L,E,I,T,H,T,G,S,V,V,E,P
360,3,I,R,A,Q,False,11,K,I,R,A,Q,M,L,E,K,T,C,V,F,R,Y,A,G
361,8,E,V,K,,True,0,D,L,K,E,K,K,E,V,K,T,K,V,E,T,T,D,L
362,7,K,L,E,I,False,8,K,L,E,M,I,K,L,E,I,N,Q,S,E,K,A,G,R
363,2,T,H,L,L,False,18,T,H,L,L,K,T,L,E,Y,F,V,Y,V,H,P,N,Q
364,5,F,I,F,L,False,11,H,T,L,F,I,F,L,T,K,P,H,I,L,D,E,P,E
365,4,L,L,S,I,True,18,K,Y,L,L,S,I,V,Q,R,P,H,Y,Y,R,D,E,L
366,2,I,Y,I,V,False,19,I,Y,I,V,E,M,K,L,L,S,F,G,W,S,G,A,G
367,3,S,Q,N,Y,False,6,K,S,Q,N,Y,I,Q,E,I,G,L,V,A,S,L,G,N
368,1,,F,F,N,False,13,F,F,N,A,E,T,F,T,F,P,C,S,A,K,E,H,A
369,5,F,N,V,Y,False,3,K,N,V,F,N,V,Y,K,L,S,L,I,L,L,I,F,M
370,8,L,D,K,,True,2,K,I,W,D,L,P,L,D,K,L,S,E,L,M,G,L,S
371,3,T,H,E,N,False,15,K,T,H,E,N,K,M,Q,L,I,C,Q,L,L,I,Y,V
372,8,I,Y,F,,True,18,D,K,A,P,Y,L,I,Y,F,S,K,V,E,A,G,D,H
373,6,Q,M,L,L,True,13,K,A,W,L,Q,M,L,L,K,E,K,K,E,R,N,E,H
374,5,E,K,P,S,True,19,Y,L,I,E,K,P,S,K,R,R,E,L,L,K,D,P,T
375,8,A,K,W,,True,5,K,T,W,L,D,S,A,K,W,T,S,E,I,A,I,D,N
376,4,Y,E,G,K,True,9,K,R,Y,E,G,K,I,L,K,Q,N,I,K,L,H,S,N
377,5,L,E,L,K,True,6,K,F,T,L,E,L,K,E,K,V,A,E,L,S,L,E,G
378,3,K,F,F,P,True,13,K,K,F,F,P,K,R,G,Q,D,G,D,S,R,T,T,C
379,7,V,K,K,K,False,10,K,Q,Q,I,H,V,K,K,K,V,E,K,V,I,M,N,K
380,7,V,T,T,L,False,17,Q,Y,H,Y,L,V,T,T,L,F,A,V,Y,T,V,Y,G
381,4,Q,E,Y,I,False,8,K,S,Q,E,Y,I,K,E,L,G,L,L,F,M,T,G,K
382,3,P,P,E,P,False,9,K,P,P,E,P,F,Y,N,F,I,K,P,S,F,D,T,V
383,2,K,N,K,E,True,2,K,N,K,E,E,K,Y,S,I,T,R,P,R,R,C,T,R
384,3,P,L,F,L,False,16,K,P,L,F,L,K,P,W,L,Y,I,L,G,Y,G,G,D
385,2,K,W,V,N,False,19,K,W,V,N,I,L,L,K,K,L,D,L,H,T,S,Q,Q
386,3,D,K,E,Y,False,5,K,D,K,E,Y,F,D,S,L,V,G,S,A,A,T,K,Q
387,5,T,F,K,Y,False,3,L,F,L,T,F,K,Y,T,L,V,F,Y,I,I,K,L,K
388,1,,T,H,V,False,10,T,H,V,D,L,Q,D,Y,R,A,P,E,P,R,H,C,S
389,3,H,K,L,S,False,11,K,H,K,L,S,L,E,E,Y,Y,Y,Y,P,S,G,K,L
390,4,E,I,S,Y,True,15,I,H,E,I,S,Y,F,E,I,S,T,P,T,E,P,P,T
391,7,F,K,V,L,False,14,K,Y,L,D,Q,F,K,V,L,W,K,N,P,V,S,T,K
392,4,K,I,Y,C,True,10,F,I,K,I,Y,C,R,T,I,D,F,E,T,Y,P,V,T
393,5,Y,Y,T,K,False,18,K,N,K,Y,Y,T,K,T,L,Y,S,Y,F,R,I,K,S
394,3,N,A,R,Y,True,5,K,N,A,R,Y,C,L,E,Y,F,L,T,Y,D,M,Y,S
395,2,Q,E,E,E,False,1,Q,E,E,E,Y,Q,R,E,G,L,K,Q,E,E,Q,I,P
396,1,,R,Y,F,False,17,R,Y,F,D,E,P,V,E,L,K,P,K,K,S,S,R,S
397,1,,K,M,R,False,17,K,M,R,F,C,P,Y,S,H,L,G,G,S,Y,S,R,T
398,6,L,L,K,E,False,3,K,L,F,D,L,L,K,E,Y,V,M,Y,P,P,E,I,P
399,5,T,Y,Y,L,True,0,K,I,I,T,Y,Y,L,Q,K,Q,K,D,L,V,N,K,I
400,8,L,Q,K,,False,8,Y,T,L,I,K,Y,L,Q,K,R,L,V,E,V,E,V,V
401,7,E,E,L,Q,True,12,K,E,I,R,K,E,E,L,Q,D,P,L,E,E,A,I,D
402,5,V,V,Y,L,True,7,M,E,K,V,V,Y,L,Y,E,V,T,K,Q,E,G,D,S
403,4,R,K,N,L,True,9,E,L,R,K,N,L,Y,E,L,H,P,N,L,Q,R,N,R
404,7,F,S,S,F,False,11,A,Y,R,D,W,F,S,S,F,Q,E,S,Q,E,Q,F,N
405,3,H,T,R,H,False,1,W,H,T,R,H,E,L,I,S,T,S,L,R,T,L,T,L
406,6,R,K,E,T,False,10,E,I,Q,Y,R,K,E,T,L,T,F,D,T,K,T,Q,N
407,4,D,Y,K,Q,False,9,P,H,D,Y,K,Q,R,K,D,E,R,F,C,T,E,S,F
408,7,F,L,E,Y,False,16,K,K,H,Q,D,F,L,E,Y,S,E,G,Y,E,D,E,H
409,8,H,Q,F,,True,15,K,Y,L,P,Y,N,H,Q,F,K,L,H,E,H,V,V,L
410,8,Q,Q,F,,True,14,R,Y,L,P,Y,N,Q,Q,F,K,R,H,L,P,V,L,L
411,2,K,E,R,K,False,16,K,E,R,K,V,W,Q,K,R,G,N,H,G,G,I,K,C
412,3,L,A,S,G,True,6,K,L,A,S,G,F,S,A,A,S,E,S,Y,M,W,A,K
