,length1,binding1_4,binding1_3,binding1_2,binding1_1,binding2_1,binding2_2,binding2_3,binding2_4,reversed,distance,seq_1,seq_2,seq_3,seq_4,seq_5,seq_6,seq_7,seq_8,seq_9,cleavage1_1,cleavage1_2,cleavage1_3,cleavage1_4,cleavage1_5,cleavage1_6,cleavage1_7,cleavage2_1,cleavage2_2,cleavage2_3,cleavage2_4,cleavage2_5,cleavage2_6,cleavage2_7,cleavage3_1,cleavage3_2,cleavage3_3,cleavage3_4,cleavage3_5,cleavage3_6,cleavage3_7,cleavage4_1,cleavage4_2,cleavage4_3,cleavage4_4,cleavage4_5,cleavage4_6,cleavage4_7
0,5,L,P,V,A,G,A,V,L,True,16,G,L,P,V,A,G,A,V,L,A,G,S,R,I,A,D,V,K,H,V,V,K,E,F,E,K,A,Y,Q,V,G,S,G,G,F,G,T
1,6,A,S,T,A,V,T,A,,False,6,P,V,A,S,T,A,V,T,A,S,P,S,T,I,T,L,S,T,S,L,V,V,V,A,S,T,S,L,V,V,A,A,S,S,S,M,V
2,5,A,A,A,P,V,A,K,A,True,11,K,A,A,A,P,V,A,K,A,A,G,Q,G,P,N,T,A,K,G,S,G,S,K,S,P,T,K,K,K,V,K,A,P,K,A,G,Q
3,7,A,A,A,A,W,K,,,False,16,S,A,A,A,A,A,A,W,K,W,G,S,A,A,A,V,T,R,S,T,E,E,E,R,L,E,R,E,H,F,I,I,N,A,F,R,Y
4,1,,,,A,V,A,L,P,False,19,A,V,A,L,P,G,T,K,P,L,H,T,S,P,R,L,R,T,E,T,Q,T,S,N,H,N,K,H,G,N,T,P,I,P,P,P,R
5,6,L,A,S,S,I,V,L,,False,3,P,G,L,A,S,S,I,V,L,A,T,T,P,Q,P,S,P,E,K,I,V,L,G,L,A,S,S,P,E,K,G,Q,P,P,S,A,T
6,6,V,S,S,V,V,V,V,,False,16,S,S,V,S,S,V,V,V,V,T,S,I,D,P,L,S,R,L,S,G,Y,C,G,W,R,V,I,G,Y,H,W,M,M,A,G,I,P
7,1,,,,P,G,L,S,S,True,9,P,G,L,S,S,A,L,L,I,L,D,S,A,R,N,L,S,G,K,K,I,S,S,D,K,D,Q,A,N,D,L,Y,L,D,S,A,R
8,3,,S,I,A,S,E,G,T,True,16,S,I,A,S,E,G,T,V,L,V,G,H,N,C,V,Y,V,P,K,E,F,V,V,C,G,S,R,S,T,G,S,P,N,Y,P,K,N
9,3,,A,P,T,A,L,A,V,False,3,A,P,T,A,L,A,V,A,Y,A,L,F,P,V,A,Q,A,L,V,A,L,A,V,Q,A,P,T,A,L,V,G,F,T,S,G,A,L
10,4,K,T,H,P,C,A,A,P,True,17,K,T,H,P,C,A,A,P,G,D,D,I,L,N,F,V,L,M,D,E,A,V,P,P,R,P,R,P,G,C,M,Q,Y,N,A,S,S
11,3,,A,A,A,K,P,V,T,False,16,A,A,A,K,P,V,T,N,I,K,T,R,A,E,A,E,V,H,G,A,R,F,K,D,L,K,L,A,W,N,S,A,V,E,T,E,E
12,3,,A,V,A,A,R,A,G,False,5,A,V,A,A,R,A,G,L,R,M,A,K,P,K,N,R,G,T,G,A,R,A,R,V,A,G,T,G,A,R,A,G,F,T,I,D,L
13,7,A,F,G,P,K,P,,,False,19,Q,A,A,A,F,G,P,K,P,R,A,I,L,Q,R,V,G,Q,T,L,L,S,S,L,E,A,R,G,Y,I,H,V,D,S,I,K,F
14,7,G,G,L,L,T,F,,,False,19,K,C,G,G,G,L,L,T,F,E,K,L,V,K,F,M,I,G,G,Q,A,W,D,E,D,E,R,V,L,F,P,G,N,L,V,T,S
15,7,G,P,I,G,L,M,,,False,2,G,R,P,G,P,I,G,L,M,S,P,S,P,E,P,R,V,L,L,M,K,S,R,P,G,P,I,G,V,L,K,S,R,A,N,E,E
16,5,P,S,I,V,A,V,L,L,True,15,S,P,S,I,V,A,V,L,L,L,G,L,W,K,G,M,R,C,V,P,G,V,G,S,R,R,V,G,M,L,K,V,V,R,T,E,S
17,7,L,T,L,V,S,K,,,False,9,P,A,A,L,T,L,V,S,K,L,A,A,S,N,L,D,S,R,K,L,E,D,V,K,L,E,D,V,L,E,N,S,T,I,K,D,L
18,5,P,P,G,S,V,I,L,Y,True,4,G,P,P,G,S,V,I,L,Y,I,L,Y,D,P,A,A,A,G,P,R,R,A,A,V,D,P,R,K,K,Q,D,P,A,A,G,P,P
19,1,,,,P,G,P,S,G,True,9,P,G,P,S,G,L,L,V,Y,K,G,K,F,A,I,R,D,K,K,S,N,P,I,G,D,T,I,E,F,R,Q,G,K,G,K,F,A
20,6,G,N,T,A,L,M,L,,False,15,S,P,G,N,T,A,L,M,L,H,C,Q,Q,P,A,P,A,P,G,S,V,P,A,V,G,S,A,L,L,L,L,V,L,L,G,L,G
21,4,S,A,L,K,K,D,K,G,True,4,S,A,L,K,K,D,K,G,G,K,G,G,P,E,F,S,N,S,H,K,A,L,K,P,D,V,F,P,L,F,P,E,F,S,S,A,L
22,3,,S,G,V,G,K,V,L,False,18,S,G,V,G,K,V,L,L,M,P,E,D,Q,L,A,A,P,Q,L,V,E,P,V,T,A,D,L,D,V,H,Q,K,Y,R,R,C,G
23,2,,,K,F,D,V,G,A,True,18,K,F,D,V,G,A,G,V,I,L,F,N,F,G,K,E,E,V,K,K,G,D,R,L,A,A,K,H,F,I,D,E,D,Y,R,G,N
24,2,,,V,S,A,S,L,S,False,2,V,S,A,S,L,S,I,T,K,C,C,S,A,K,Q,L,L,E,A,S,L,S,I,K,Q,L,V,S,L,E,A,L,L,T,R,C,P
25,1,,,,E,A,S,G,A,True,19,E,A,S,G,A,T,Y,V,L,L,T,V,T,G,P,K,T,A,S,I,F,A,T,Q,L,L,S,A,F,C,Y,H,D,A,L,Q,N
26,6,V,V,V,S,V,T,L,,False,8,V,P,V,V,V,S,V,T,L,T,I,Q,A,P,T,Q,P,R,N,Q,Q,L,H,R,N,Q,Q,L,H,T,Q,T,V,P,L,T,T
27,3,,P,V,V,V,T,L,A,True,17,P,V,V,V,T,L,A,T,L,G,G,F,E,I,T,P,L,R,L,K,C,G,S,Y,E,G,S,P,I,K,K,M,S,V,Q,P,T
28,1,,,,H,S,G,P,I,False,2,H,S,G,P,I,S,T,S,K,A,V,S,P,M,Q,R,S,I,S,G,P,I,S,P,M,Q,R,H,S,I,P,L,T,A,L,S,D
29,7,L,G,D,A,P,Q,,,True,3,I,S,I,L,G,D,A,P,Q,E,L,P,Q,Y,R,L,R,K,K,Q,F,R,Y,H,V,A,S,S,E,L,Y,R,L,I,S,I,L
30,7,S,P,S,S,Q,K,,,False,15,I,L,G,S,P,S,S,Q,K,L,E,E,H,F,E,I,G,V,T,V,G,K,H,V,K,Q,L,R,M,W,I,E,D,V,E,W,R
31,2,,,T,T,A,K,P,V,True,17,T,T,A,K,P,V,A,T,K,P,A,A,T,K,P,A,K,P,M,V,K,M,S,R,P,P,A,A,A,A,P,E,V,P,R,P,Q
32,5,P,I,P,P,A,V,E,V,False,6,C,P,I,P,P,A,V,E,V,D,E,V,T,Y,K,M,K,N,Q,K,F,Q,A,P,K,N,Q,K,F,Q,V,L,T,Q,L,A,P
33,3,,H,Q,A,I,N,L,G,False,16,H,Q,A,I,N,L,G,A,T,T,L,L,W,S,I,L,D,S,S,E,K,M,T,A,S,A,S,L,T,T,K,N,L,R,Q,Q,I
34,2,,,K,E,E,A,G,A,True,14,K,E,E,A,G,A,L,V,L,I,D,E,F,N,S,L,H,D,R,T,S,I,H,D,S,G,E,W,N,L,A,D,A,G,L,C,C
35,5,V,N,I,S,S,S,L,L,True,19,P,V,N,I,S,S,S,L,L,H,V,N,N,L,R,D,F,W,H,N,Q,S,L,F,F,K,D,E,N,N,N,N,Y,V,L,G,A
36,1,,,,A,L,P,A,L,False,3,A,L,P,A,L,A,F,R,A,Q,P,G,L,L,G,Q,E,Q,G,L,P,A,L,L,G,Q,A,E,Q,G,L,Q,K,M,P,K,T
37,7,S,L,P,P,L,Y,,,True,14,V,A,A,S,L,P,P,L,Y,N,E,G,V,M,N,A,R,V,A,H,C,R,S,Q,G,V,M,H,L,T,C,S,A,L,R,F,L
38,3,,T,E,P,V,S,A,E,False,11,T,E,P,V,S,A,E,L,S,P,S,A,A,S,P,G,T,G,T,S,E,P,L,E,P,L,G,T,G,T,S,P,W,A,A,R,D
39,2,,,K,A,S,R,A,T,True,19,K,A,S,R,A,T,S,V,L,G,A,G,R,R,T,S,Q,R,V,H,P,Q,P,F,T,K,T,G,M,L,A,G,L,T,A,H,L
40,4,A,D,G,T,T,E,L,I,True,7,A,D,G,T,T,E,L,I,N,E,Y,P,C,S,C,D,S,T,Q,C,K,I,K,P,C,L,H,G,R,C,E,Y,P,C,S,C,D
41,3,,L,A,F,G,A,P,C,True,19,L,A,F,G,A,P,C,R,V,V,L,P,L,D,V,S,L,C,G,L,K,R,E,N,V,S,A,A,V,C,L,A,N,A,T,V,S
42,4,N,A,P,S,G,Y,L,V,True,15,N,A,P,S,G,Y,L,V,I,Y,D,A,H,T,S,E,L,L,I,H,F,I,N,I,F,M,T,S,L,F,L,I,F,Y,K,W,T
43,4,V,V,G,P,C,L,P,F,False,16,V,V,G,P,C,L,P,F,C,Q,Q,V,C,M,Q,L,Y,A,M,A,L,I,S,T,H,T,I,F,T,F,G,S,N,I,I,N,H
44,5,T,G,L,G,M,I,T,I,True,2,E,T,G,L,G,M,I,T,I,Q,M,I,T,I,A,K,L,K,V,L,G,G,I,E,K,D,P,A,F,Q,A,K,E,T,G,L,G
45,5,L,F,S,A,P,S,G,K,True,8,K,L,F,S,A,P,S,G,K,K,D,A,S,S,S,S,K,L,E,Q,L,A,S,P,A,G,L,P,D,E,T,K,D,A,S,S,S
46,3,,C,T,S,P,G,S,F,False,4,C,T,S,P,G,S,F,L,K,D,K,H,D,P,C,R,L,S,H,K,P,G,S,C,T,S,L,S,H,K,P,P,A,P,P,V,Q
47,4,K,T,C,K,G,K,A,G,False,7,K,T,C,K,G,K,A,G,F,L,Y,C,D,V,C,P,N,F,Q,V,L,C,T,N,F,Q,V,L,C,T,S,Q,R,G,I,R,L
48,3,,G,P,P,L,Y,P,L,True,15,G,P,P,L,Y,P,L,S,P,P,S,L,P,R,D,E,T,P,S,S,A,T,K,L,L,S,G,D,N,E,G,K,D,M,E,P,N
49,5,V,A,L,P,I,F,I,P,True,10,A,V,A,L,P,I,F,I,P,M,P,S,V,S,P,C,I,I,V,V,I,L,M,G,Q,K,K,E,S,V,E,S,F,M,P,S,V
50,3,,K,P,V,V,C,V,I,False,9,K,P,V,V,C,V,I,D,A,R,P,R,G,E,D,G,R,K,G,P,G,K,Q,G,P,G,K,Q,E,E,L,L,A,D,I,R,K
51,1,,,,K,L,D,A,A,True,4,K,L,D,A,A,N,K,A,L,K,A,L,D,S,L,D,A,D,I,S,E,I,R,L,D,E,A,L,P,A,D,S,L,D,K,A,D
52,1,,,,K,V,R,S,T,False,6,K,V,R,S,T,G,P,A,K,V,E,A,H,Q,R,V,Y,T,K,D,H,T,V,K,Y,T,K,D,H,T,S,R,D,G,E,R,T
53,3,,I,C,L,I,L,A,I,False,8,I,C,L,I,L,A,I,S,V,K,P,Q,H,R,A,T,S,K,M,D,I,A,W,K,M,D,I,A,W,V,P,I,S,S,C,S,V
54,3,,K,T,L,D,L,A,S,False,2,K,T,L,D,L,A,S,K,A,G,L,L,S,H,L,R,K,D,D,L,A,S,K,L,R,K,T,L,K,D,N,I,V,I,D,P,L
55,3,,K,D,K,N,A,S,A,False,6,K,D,K,N,A,S,A,S,K,K,A,A,R,G,E,E,E,T,K,N,A,A,N,K,E,T,K,N,A,A,S,A,K,T,A,T,A
56,2,,,K,T,V,G,P,N,True,16,K,T,V,G,P,N,A,T,Y,D,L,A,N,S,R,P,P,F,K,A,W,N,D,A,Q,N,A,T,T,K,N,F,S,Q,S,L,N
57,3,,L,S,N,S,S,I,T,True,7,L,S,N,S,S,I,T,T,K,F,G,D,S,F,Y,F,H,I,N,S,Y,F,K,R,S,L,F,H,Y,T,F,G,D,S,F,Y,F
58,7,S,V,T,P,V,I,,,True,9,F,S,T,S,V,T,P,V,I,V,N,N,G,I,R,D,K,Q,S,L,C,D,G,V,H,M,K,N,G,Q,V,K,V,N,N,G,I
59,3,,H,C,A,V,V,V,L,False,17,H,C,A,V,V,V,L,V,L,H,A,G,W,A,P,P,K,L,L,T,E,V,H,G,S,L,P,V,F,V,L,A,V,V,L,V,T
60,5,R,D,K,P,S,P,A,G,False,3,K,R,D,K,P,S,P,A,G,D,F,E,R,Q,R,E,R,S,T,S,P,A,G,R,D,K,P,R,S,T,Q,H,H,S,P,I,S
61,4,H,T,L,S,K,V,A,S,True,18,H,T,L,S,K,V,A,S,L,S,Y,L,T,R,N,Q,Q,P,L,T,D,E,H,I,I,K,G,V,A,C,F,D,S,N,Q,I,C
62,4,K,S,V,W,P,A,L,V,True,19,K,S,V,W,P,A,L,V,G,R,V,S,L,A,E,A,A,L,L,Q,R,N,E,L,G,D,L,P,S,L,Q,V,L,L,M,A,D
63,3,,G,T,R,V,V,K,A,False,14,G,T,R,V,V,K,A,N,I,I,G,K,R,G,L,F,S,S,A,Y,P,K,Y,T,F,H,D,R,E,E,R,D,P,L,Q,I,I
64,4,P,H,G,A,H,L,L,T,False,4,P,H,G,A,H,L,L,T,L,S,V,P,R,T,I,L,S,F,H,G,H,L,L,H,G,A,S,F,H,G,N,V,T,Y,E,S,T
65,6,A,P,F,I,E,R,A,,False,4,G,V,A,P,F,I,E,R,A,I,M,V,G,P,G,T,G,F,I,Q,E,R,A,P,F,I,G,F,I,Q,W,L,R,Q,Q,G,K
66,3,,S,H,V,A,L,K,H,False,10,S,H,V,A,L,K,H,P,A,A,A,R,Q,L,K,R,L,P,E,G,R,S,P,G,R,S,P,G,P,P,T,K,D,L,A,A,A
67,6,L,T,S,I,L,D,L,,False,8,K,G,L,T,S,I,L,D,L,S,L,N,E,K,T,L,Q,N,E,K,N,V,T,N,E,K,N,V,T,G,L,S,S,V,D,G,G
68,3,,K,A,C,V,Q,S,V,True,4,K,A,C,V,Q,S,V,L,L,V,L,L,D,S,A,G,G,V,S,V,K,K,G,A,V,L,T,K,A,T,D,S,A,G,K,A,C
69,3,,T,S,L,P,K,T,F,True,1,T,S,L,P,K,T,F,A,P,P,K,T,F,A,P,N,N,S,W,D,P,I,C,P,V,F,Y,P,K,P,N,T,S,L,N,S,W
70,7,R,G,T,S,S,K,,,True,15,K,P,T,R,G,T,S,S,K,R,E,L,V,L,F,D,I,K,E,F,R,E,M,G,I,E,E,T,L,D,A,R,S,D,A,A,P
71,1,,,,R,V,P,P,P,False,19,R,V,P,P,P,G,P,E,L,R,S,I,S,A,Q,Q,L,V,S,E,L,I,A,V,A,T,L,S,E,P,T,P,E,L,R,G,T
72,5,V,S,V,I,T,D,E,E,False,5,A,V,S,V,I,T,D,E,E,I,A,D,S,P,S,P,T,I,S,S,D,T,D,V,I,T,I,S,S,D,E,T,S,Q,R,H,S
73,3,,K,P,G,F,L,G,T,True,6,K,P,G,F,L,G,T,S,R,R,S,S,V,T,R,C,A,N,C,P,S,S,H,R,Y,T,Q,V,T,N,S,S,V,T,R,C,K
74,5,D,K,P,P,A,P,P,N,True,3,K,D,K,P,P,A,P,P,N,A,P,P,N,N,R,F,H,N,L,T,I,Y,F,V,P,K,G,S,I,Y,N,R,F,K,D,K,P
75,7,G,Q,A,Q,A,L,,,False,12,K,C,F,G,Q,A,Q,A,L,W,L,T,A,F,V,T,K,F,I,F,I,D,P,D,P,K,N,I,Q,D,K,W,M,A,G,N,Q
76,1,,,,A,I,N,T,S,True,14,A,I,N,T,S,A,F,E,L,Y,V,H,Q,V,C,E,L,Q,F,L,H,S,H,G,L,D,I,F,E,R,N,E,R,E,I,V,S
77,4,L,G,G,C,D,I,Y,N,True,19,L,G,G,C,D,I,Y,N,L,S,V,G,S,L,R,V,W,V,G,Y,E,K,E,R,S,W,E,V,S,R,Q,Q,P,E,D,S,Q
78,6,A,P,P,A,V,Q,K,,False,4,K,E,A,P,P,A,V,Q,K,P,V,P,V,A,K,K,K,V,P,E,V,Q,K,P,P,A,K,V,P,E,G,V,V,T,E,E,K
79,1,,,,H,A,S,D,Q,False,11,H,A,S,D,Q,S,L,V,L,A,S,G,A,L,T,A,C,I,G,G,F,W,R,F,W,R,E,V,G,V,T,A,P,K,R,V,E
80,5,R,G,G,L,K,V,V,L,False,13,K,R,G,G,L,K,V,V,L,M,A,Q,V,E,,,L,R,K,S,S,A,S,S,K,K,P,L,K,E,M,Y,D,E,I,F,M
81,7,S,I,V,L,T,I,,,True,0,P,D,N,S,I,V,L,T,I,F,N,Y,V,A,T,I,M,A,S,K,G,R,Y,Q,L,F,N,Y,V,A,P,D,N,S,I,V,L
82,8,S,P,V,A,K,,,,True,11,K,D,A,R,S,P,V,A,K,G,E,L,I,Y,G,C,D,W,S,E,L,A,H,Q,E,A,Q,N,N,L,I,F,K,N,G,E,L
83,5,P,P,G,V,F,L,T,I,True,11,K,P,P,G,V,F,L,T,I,P,T,F,T,E,R,V,M,I,R,P,F,A,H,T,L,C,M,Y,T,L,S,P,Y,I,P,T,F
84,5,S,P,S,T,F,H,A,L,False,15,L,S,P,S,T,F,H,A,L,R,F,V,I,E,L,D,G,I,V,D,D,S,T,E,I,L,F,D,E,V,S,R,C,L,G,G,L
85,6,M,V,L,A,K,Q,I,,True,16,G,I,M,V,L,A,K,Q,I,F,V,N,K,G,E,K,G,D,T,L,P,I,E,I,K,K,A,V,K,Q,R,R,G,V,K,E,V
86,7,L,P,Y,P,L,E,,,True,18,T,A,A,L,P,Y,P,L,E,P,L,S,S,Q,T,G,L,K,K,K,N,G,K,A,P,T,D,S,P,G,R,G,G,M,A,S,P
87,4,I,E,V,S,L,A,F,V,True,15,I,E,V,S,L,A,F,V,P,L,S,A,S,P,S,Q,A,L,S,S,D,P,Q,S,A,K,G,I,E,N,S,S,P,D,I,L,R
88,3,,K,T,T,V,K,K,G,True,13,K,T,T,V,K,K,G,D,V,I,A,I,T,A,G,C,T,S,A,V,M,V,H,V,A,L,T,S,V,L,K,P,L,A,E,Q,I
89,7,V,F,V,S,L,I,,,False,3,A,I,N,V,F,V,S,L,I,T,Y,F,K,D,G,K,A,N,R,L,I,H,Q,V,F,V,S,A,N,R,H,Q,T,N,L,I,L
90,6,C,Q,L,M,A,V,K,,False,15,K,G,C,Q,L,M,A,V,K,D,I,K,L,P,E,T,A,T,A,T,L,K,R,S,G,T,C,L,F,V,R,L,I,L,C,Y,E
91,6,W,A,L,L,P,P,A,,True,19,P,L,W,A,L,L,P,P,A,G,G,L,G,P,F,R,A,F,A,L,P,A,L,A,L,S,L,L,G,T,P,P,P,A,P,A,R
92,6,A,A,M,T,I,V,Y,,False,2,L,P,A,A,M,T,I,V,Y,T,I,T,V,P,P,A,A,G,I,V,Y,A,Q,P,A,A,M,T,A,G,A,Q,R,R,L,K,K
93,5,M,S,I,G,P,V,V,Y,True,15,I,M,S,I,G,P,V,V,Y,S,K,W,F,T,A,D,V,N,C,T,Q,I,T,A,L,S,N,S,T,R,Q,V,Q,F,K,Y,T
94,5,L,W,T,L,G,L,G,Y,False,9,G,L,W,T,L,G,L,G,Y,L,I,I,I,V,G,P,Q,E,G,T,T,G,V,G,T,T,G,V,Y,T,V,Q,A,F,L,G,G
95,2,,,K,S,G,A,K,K,False,9,K,S,G,A,K,K,T,L,F,E,G,K,V,D,S,V,K,D,A,E,Q,L,V,A,E,Q,L,V,K,E,P,P,Q,P,Q,S,K
96,3,,D,S,Y,A,V,S,L,True,4,D,S,Y,A,V,S,L,I,L,L,I,L,G,F,V,K,P,V,S,S,A,L,F,P,A,P,E,V,S,E,G,F,V,K,D,S,Y
97,2,,,I,C,S,T,K,K,True,6,I,C,S,T,K,K,T,S,I,I,K,S,E,E,S,S,D,P,S,S,E,N,S,G,D,G,V,L,D,L,K,S,E,E,S,S,I
98,7,F,A,P,F,S,K,,,False,16,K,S,A,F,A,P,F,S,K,E,I,T,T,E,D,I,G,K,I,S,D,A,R,K,D,M,A,T,G,K,G,Y,G,F,V,S,F
99,8,Q,T,V,C,Y,,,,False,8,P,L,C,G,Q,T,V,C,Y,I,L,S,P,L,Q,P,D,N,V,E,L,I,S,N,V,E,L,I,S,Q,N,G,Y,W,P,L,R
100,3,,K,P,I,A,T,L,L,False,12,K,P,I,A,T,L,L,D,L,W,N,G,L,I,L,R,D,M,E,K,R,E,S,E,S,I,Q,R,R,E,R,S,Y,L,F,S,R
101,1,,,,I,S,H,L,M,False,17,I,S,H,L,M,A,V,T,I,Y,I,I,I,I,S,A,L,R,I,Q,S,A,A,K,A,F,S,T,C,A,F,Y,G,S,L,I,F
102,8,S,P,R,G,R,,,,False,18,K,T,A,I,S,P,R,G,R,L,T,K,L,C,L,A,L,Q,A,L,G,Q,T,P,A,F,A,S,S,L,Y,L,D,L,S,K,N
103,3,,K,T,A,R,P,A,R,True,12,K,T,A,R,P,A,R,S,V,K,L,H,N,E,S,K,P,R,Q,E,A,I,P,E,L,S,T,W,K,E,M,E,S,R,T,K,L
104,3,,K,A,V,R,A,K,T,False,9,K,A,V,R,A,K,T,V,L,N,V,I,L,V,Q,Y,K,E,T,K,V,K,E,T,K,V,K,E,L,K,T,V,I,K,W,K,G
105,7,G,K,V,L,A,T,,,True,15,K,R,I,G,K,V,L,A,T,K,A,L,A,V,E,G,D,H,A,M,E,A,E,K,S,I,I,T,Y,V,Y,Y,H,Y,F,S,K
106,2,,,K,L,R,K,G,A,False,14,K,L,R,K,G,A,V,I,T,D,R,A,L,R,S,F,S,V,T,V,D,P,K,Y,H,P,K,I,I,G,Q,I,R,L,E,H,D
107,6,S,I,L,Y,H,L,A,,True,0,A,V,S,I,L,Y,H,L,A,T,C,F,S,H,L,A,G,T,L,F,L,I,Y,A,F,F,T,C,F,S,A,V,S,I,L,Y,G
108,5,G,C,K,P,E,V,L,I,True,2,K,G,C,K,P,E,V,L,I,I,E,V,L,I,D,G,P,E,Y,R,N,Y,Q,G,I,D,Y,T,H,I,D,G,K,G,C,K,P
109,7,Q,L,L,S,G,K,,,True,4,K,N,V,Q,L,L,S,G,K,C,G,K,H,V,D,Y,Q,F,V,S,P,F,T,L,K,K,C,I,L,C,H,V,D,Y,K,N,V
110,3,,L,L,K,V,D,L,T,True,19,L,L,K,V,D,L,T,G,K,F,T,A,S,M,S,H,G,N,S,E,E,K,S,L,Y,D,G,M,R,R,A,K,G,P,S,E,N
111,2,,,V,E,K,E,K,S,True,5,V,E,K,E,K,S,V,A,V,A,V,L,E,H,Q,L,V,E,E,T,V,R,Q,L,Q,E,A,C,M,R,L,E,H,Q,L,V,E
112,3,,K,E,K,L,T,V,G,True,18,K,E,K,L,T,V,G,T,L,R,R,R,K,R,N,K,S,R,D,Q,E,A,G,V,E,L,E,L,V,E,D,L,C,E,S,E,V
113,7,K,A,A,A,L,K,,,True,15,K,E,M,K,A,A,A,L,K,K,K,A,R,Q,I,K,R,E,E,A,K,N,I,N,T,A,K,K,K,Y,Y,L,Y,T,K,E,K
114,7,D,V,A,A,F,R,,,True,7,K,L,A,D,V,A,A,F,R,L,P,P,S,S,P,Q,P,P,G,G,P,P,P,L,Y,G,D,G,Y,G,L,P,P,S,S,P,Q
115,8,M,K,T,P,G,,,,True,11,K,T,Q,T,M,K,T,P,G,A,L,V,D,K,T,D,K,G,L,G,K,K,K,R,E,K,S,Q,M,V,I,S,N,S,A,L,V
116,4,K,A,L,M,P,T,V,T,True,3,K,A,L,M,P,T,V,T,M,T,V,T,M,P,R,I,T,G,S,L,P,G,F,F,V,A,E,A,K,P,P,R,I,K,A,L,M
117,4,K,E,T,R,A,M,A,G,False,3,K,E,T,R,A,M,A,G,K,H,K,K,P,K,S,D,L,A,T,A,M,A,G,K,E,T,R,L,A,T,T,D,R,K,E,F,V
118,5,T,T,T,P,T,T,N,K,True,0,K,T,T,T,P,T,T,N,K,V,K,D,T,T,N,K,K,S,S,Q,R,V,L,L,E,E,V,V,K,D,K,T,T,T,P,K,S
119,3,,Q,Y,A,R,T,G,P,False,8,Q,Y,A,R,T,G,P,S,L,I,S,L,N,K,W,G,S,D,V,Q,L,I,L,D,V,Q,L,I,L,R,S,E,R,P,T,S,D
120,2,,,I,Y,V,G,L,K,False,19,I,Y,V,G,L,K,G,M,L,C,I,F,V,L,I,V,A,I,G,P,L,L,Y,V,L,A,S,I,I,V,I,Q,F,R,D,L,K
121,7,L,L,A,P,I,L,,,True,14,K,P,E,L,L,A,P,I,L,W,S,I,P,F,T,L,L,Q,S,E,G,L,A,Q,Q,E,L,V,R,S,E,P,N,F,R,Y,P
122,6,L,T,G,R,V,T,V,,True,5,H,L,L,T,G,R,V,T,V,T,V,P,L,L,L,H,R,H,I,S,R,S,G,L,E,I,G,Y,T,S,P,L,L,L,H,H,L
123,3,,P,Q,G,A,V,F,N,True,18,P,Q,G,A,V,F,N,T,Y,S,G,S,S,L,A,H,K,I,S,K,T,Y,V,S,P,I,E,R,K,N,Y,A,V,A,V,S,V
124,1,,,,H,E,L,L,G,True,1,H,E,L,L,G,P,I,S,M,L,G,P,I,S,M,N,G,V,H,F,M,A,A,N,L,R,Q,Q,I,L,N,H,G,V,H,F,M
125,1,,,,K,A,N,E,S,True,9,K,A,N,E,S,H,I,V,V,L,R,L,N,T,M,S,F,T,F,T,D,C,T,K,S,G,T,T,Q,N,Q,A,L,R,L,N,T
126,2,,,F,S,A,F,S,L,False,8,F,S,A,F,S,L,V,L,L,G,E,I,N,L,H,E,K,E,T,T,N,Q,L,E,T,T,N,Q,L,L,L,R,F,V,D,D,C
127,3,,R,T,A,L,L,L,P,False,1,R,T,A,L,L,L,P,G,R,V,E,S,R,G,G,T,C,L,L,L,P,G,R,G,G,T,R,T,A,C,L,D,C,R,L,G,P
128,7,D,Q,D,I,V,I,,,True,6,A,S,H,D,Q,D,I,V,I,I,H,P,D,Y,D,A,M,L,L,R,L,A,R,Q,S,S,V,V,R,A,H,P,D,Y,D,A,A
129,7,S,Q,D,L,V,L,,,True,0,H,D,A,S,Q,D,L,V,L,F,K,L,D,G,V,L,V,Y,E,T,V,A,K,W,S,F,K,L,D,G,H,D,A,S,Q,D,L
130,7,C,F,V,F,Q,I,,,False,15,L,G,A,C,F,V,F,Q,I,M,T,P,P,T,S,A,S,P,K,E,G,I,I,P,S,G,V,Q,A,I,S,F,S,S,T,I,L
131,4,K,P,F,L,I,P,S,P,False,6,K,P,F,L,I,P,S,P,V,Q,L,K,A,S,V,C,F,L,L,K,K,K,I,L,F,L,L,K,K,K,K,L,A,F,I,D,N
132,1,,,,P,N,D,L,L,False,10,P,N,D,L,L,N,S,L,L,M,E,Y,Y,R,K,F,P,G,V,Y,F,D,L,Y,F,D,L,Q,V,L,K,H,C,L,L,K,E
133,1,,,,K,Y,P,I,V,False,17,K,Y,P,I,V,K,P,G,P,K,Q,L,E,A,A,R,I,G,F,H,V,C,A,M,A,K,G,R,V,G,N,C,G,F,G,K,T
134,8,S,Y,G,I,F,,,,False,11,N,G,E,I,S,Y,G,I,F,S,D,P,D,E,G,L,K,M,I,L,P,V,S,P,V,S,E,K,C,M,S,I,N,P,D,T,G
135,6,G,L,G,F,L,E,I,,True,9,H,N,G,L,G,F,L,E,I,R,R,L,R,V,G,V,V,Q,R,P,Q,V,V,G,P,L,D,G,G,A,L,E,R,R,L,R,V
136,2,,,K,S,F,H,P,V,False,9,K,S,F,H,P,V,T,P,S,K,D,I,K,K,A,A,M,L,D,P,A,H,K,D,P,A,H,K,S,H,L,V,F,L,C,F,I
137,4,K,L,S,L,L,K,S,P,False,14,K,L,S,L,L,K,S,P,N,G,G,G,D,H,A,D,Y,S,E,T,D,S,G,Y,G,S,Y,T,P,S,G,V,R,V,L,P,M
138,6,E,A,L,S,L,E,L,,False,10,E,P,E,A,L,S,L,E,L,H,S,E,P,I,E,A,P,V,P,A,L,K,P,A,L,K,P,T,P,E,A,L,T,P,A,R,A
139,7,V,A,V,H,V,I,,,False,1,F,C,L,V,A,V,H,V,I,S,V,R,K,A,C,V,A,V,I,G,D,E,L,C,L,V,A,V,H,A,G,D,E,L,K,P,H
140,3,,S,I,Q,L,W,I,G,True,6,S,I,Q,L,W,I,G,A,I,I,L,C,F,L,A,Y,A,A,T,E,E,E,P,F,G,G,F,S,M,L,L,C,F,L,A,Y,S
141,5,A,K,D,P,K,L,L,L,True,10,C,A,K,D,P,K,L,L,L,Y,M,A,I,F,A,L,V,K,E,R,R,A,H,K,L,H,K,A,L,V,P,L,E,Y,M,A,I
142,2,,,L,E,N,K,K,G,True,3,L,E,N,K,K,G,K,A,L,G,K,A,L,L,H,Q,S,L,A,K,D,H,R,F,T,L,M,V,E,I,L,H,Q,L,E,S,L
143,2,,,R,V,T,G,A,L,True,19,R,V,T,G,A,L,Q,K,K,A,T,P,G,S,K,T,T,S,H,D,R,E,V,K,N,Q,S,A,S,S,A,S,K,I,S,S,F
144,6,G,R,D,K,D,V,L,,True,5,K,A,G,R,D,K,D,V,L,V,L,H,A,E,N,V,Y,K,T,L,R,Q,I,E,T,K,K,T,Q,N,H,A,E,N,V,K,A
145,8,T,N,K,G,K,,,,True,4,K,V,Q,V,T,N,K,G,K,G,I,K,L,D,R,W,Y,Y,N,L,R,K,P,V,M,E,A,D,G,I,L,D,R,W,K,V,Q
146,3,,K,T,N,P,S,Q,T,False,9,K,T,N,P,S,Q,T,T,K,E,R,I,A,S,Q,R,S,E,V,P,M,H,R,V,P,M,H,R,S,A,R,S,R,S,P,F,S
147,7,D,G,L,P,L,L,,,True,10,T,Y,I,D,G,L,P,L,L,R,K,F,S,E,P,N,S,Q,D,R,Q,E,E,V,S,A,A,K,N,S,L,M,Q,R,K,F,S
148,5,P,K,H,S,Q,V,S,H,False,13,S,P,K,H,S,Q,V,S,H,E,I,L,D,D,G,Q,Q,C,Q,N,R,A,V,V,Q,E,W,S,V,Q,W,L,M,S,L,N,L
149,7,K,S,I,L,S,T,,,True,1,M,L,N,K,S,I,L,S,T,E,N,L,V,S,T,L,E,D,L,D,R,Y,N,P,G,V,E,N,L,V,L,M,L,N,K,S,I
150,7,T,Q,V,G,G,F,,,True,5,V,H,Y,T,Q,V,G,G,F,G,F,V,N,Q,L,A,N,L,I,P,K,D,S,E,G,T,Y,K,P,I,V,N,Q,L,A,V,H
151,2,,,E,S,Y,V,A,I,False,9,E,S,Y,V,A,I,T,I,L,N,I,T,V,L,A,M,Q,N,P,S,Q,V,G,P,S,Q,V,G,R,G,D,I,N,D,N,A,P
152,5,G,A,T,Y,P,V,H,H,False,2,K,G,A,T,Y,P,V,H,H,G,R,K,R,P,V,P,G,K,P,V,H,H,G,K,G,A,T,Y,G,K,G,V,N,Q,L,K,F
153,6,T,E,A,E,E,E,A,,False,10,T,M,T,E,A,E,E,E,A,I,L,T,N,E,E,R,V,R,L,F,Y,Q,H,F,Y,Q,H,K,A,G,F,E,K,L,V,H,H
154,5,L,A,R,S,V,L,S,H,False,10,K,L,A,R,S,V,L,S,H,A,L,V,T,Q,L,H,P,C,S,P,D,M,P,P,D,M,P,K,I,W,R,G,P,P,H,S,H
155,6,Q,V,E,I,L,A,I,,True,7,K,P,Q,V,E,I,L,A,I,N,E,A,E,I,K,T,G,A,E,T,G,A,R,V,G,V,Q,S,Q,T,N,E,A,E,I,K,T
156,7,P,E,P,K,L,R,,,False,16,K,S,G,P,E,P,K,L,R,A,A,S,G,P,I,P,R,R,H,L,G,T,L,P,T,V,N,K,F,S,V,F,G,S,H,K,A
157,2,,,K,I,P,A,N,L,False,17,K,I,P,A,N,L,A,V,W,T,K,P,G,H,R,K,A,A,E,I,S,G,L,D,W,L,P,E,H,K,L,S,M,I,G,L,A
158,6,G,E,R,P,L,I,K,,True,9,K,A,G,E,R,P,L,I,K,A,D,S,N,I,T,N,S,D,V,A,K,R,F,H,I,E,C,L,Q,W,M,G,A,D,S,N,I
159,3,,S,F,E,G,F,S,P,True,8,S,F,E,G,F,S,P,E,L,D,Y,L,E,G,K,I,E,F,E,R,R,R,E,M,S,,,,,,I,D,Y,L,E,G,K
160,7,D,G,Y,V,L,I,,,True,12,Y,L,G,D,G,Y,V,L,I,G,Y,Q,H,W,A,L,I,N,I,A,P,V,D,G,N,P,C,P,G,D,E,V,F,R,P,G,Y
161,2,,,K,L,M,S,G,I,False,5,K,L,M,S,G,I,I,N,H,C,G,L,N,E,F,N,G,L,N,Q,C,M,S,K,L,G,L,N,Q,C,E,A,Y,H,E,V,P
162,4,K,G,E,K,D,P,L,L,True,10,K,G,E,K,D,P,L,L,L,E,E,G,K,E,E,S,E,K,E,G,K,K,E,E,Q,N,Y,P,T,P,T,K,E,E,E,G,K
163,5,Q,P,L,N,M,Q,L,I,False,6,G,Q,P,L,N,M,Q,L,I,P,V,C,K,G,H,L,I,F,C,L,T,D,M,N,I,F,C,L,T,D,C,G,I,C,A,T,R
164,7,K,V,A,L,V,K,,,False,6,K,M,P,K,V,A,L,V,K,K,V,E,M,P,S,F,K,G,P,Q,V,D,V,L,K,G,P,Q,V,D,G,P,K,L,D,L,K
165,6,L,S,S,F,I,S,Y,,True,1,P,T,L,S,S,F,I,S,Y,T,G,G,I,S,Y,I,N,L,F,S,S,S,K,F,T,T,R,T,G,G,I,P,T,L,S,S,F
166,3,,F,T,H,I,P,S,Q,True,15,F,T,H,I,P,S,Q,G,K,S,S,N,P,T,Q,A,Y,N,I,N,Q,S,R,M,A,H,G,,,,V,T,I,T,V,D,E
167,3,,K,H,S,P,P,P,P,False,6,K,H,S,P,P,P,P,E,K,L,Y,E,K,L,S,E,Q,N,G,F,I,V,P,S,Q,N,G,F,I,V,S,L,I,G,M,T,K
168,2,,,L,E,N,K,K,G,True,3,L,E,N,K,K,G,K,S,L,G,K,S,L,L,Q,Q,N,V,T,K,E,R,Q,F,T,L,I,N,E,I,L,Q,Q,L,E,N,V
169,4,N,L,L,A,L,M,K,T,True,15,N,L,L,A,L,M,K,T,L,F,V,L,G,L,L,L,I,H,G,F,S,T,F,L,F,D,G,V,N,E,Q,F,A,V,H,I,P
170,3,,K,K,M,K,G,S,L,True,15,K,K,M,K,G,S,L,P,K,F,L,A,P,K,A,M,Y,K,A,C,L,K,Y,Y,L,A,Q,V,D,P,W,V,V,N,K,S,S
171,3,,S,L,K,S,K,L,D,False,15,S,L,K,S,K,L,D,L,I,T,H,Y,A,L,Q,A,L,L,D,F,Y,E,K,F,D,I,Y,Y,P,L,A,I,P,D,F,A,P
172,4,K,L,L,M,I,S,I,K,False,8,K,L,L,M,I,S,I,K,A,D,K,E,N,E,K,C,I,A,E,N,V,L,T,A,E,N,V,L,T,E,K,E,L,E,Y,S,L
173,7,L,F,R,A,V,T,,,False,5,S,H,S,L,F,R,A,V,T,N,H,H,S,S,A,P,S,S,A,G,K,V,T,R,A,S,S,A,G,K,F,P,V,C,L,L,A
174,6,S,Q,T,S,R,K,P,,False,12,T,I,S,Q,T,S,R,K,P,D,S,S,H,K,T,K,A,P,V,W,D,E,S,E,S,A,S,F,L,I,H,T,E,S,L,E,L
175,6,L,I,K,S,E,I,S,,True,11,D,I,L,I,K,S,E,I,S,Q,Q,M,D,D,L,F,G,E,I,S,L,P,I,S,T,Q,A,P,L,P,N,A,H,S,Q,Q,M
176,3,,K,W,K,V,T,A,S,False,13,K,W,K,V,T,A,S,V,V,L,L,Q,A,L,E,E,N,D,R,Q,Q,K,G,G,E,S,Y,W,Y,S,T,R,I,V,E,N,I
177,2,,,K,G,E,E,S,K,True,13,K,G,E,E,S,K,E,I,T,E,I,S,Q,E,K,K,N,L,I,G,E,M,A,V,K,A,S,K,R,F,P,G,P,A,T,Y,E
178,7,L,T,A,A,T,R,,,False,13,K,E,M,L,T,A,A,T,R,E,A,Q,L,E,P,F,C,P,R,P,E,D,N,N,D,L,Y,D,A,I,G,L,H,Q,T,I,V
179,8,K,L,L,S,Y,,,,True,15,G,Q,L,V,K,L,L,S,Y,N,L,H,P,E,I,K,V,R,L,C,P,P,V,G,Y,M,G,E,C,G,R,G,G,Y,M,E,V
180,6,G,I,A,E,Y,I,L,,True,15,D,Q,G,I,A,E,Y,I,L,P,E,E,Y,N,E,T,T,E,G,L,F,P,K,K,P,D,V,P,K,G,D,T,D,Q,N,P,A
181,5,C,L,L,K,Y,L,V,I,False,16,G,C,L,L,K,Y,L,V,I,Q,L,V,L,V,F,M,D,H,D,T,L,S,Q,I,M,D,G,H,T,I,K,S,K,Q,G,S,R
182,7,L,L,G,L,S,Y,,,False,9,Y,G,H,L,L,G,L,S,Y,T,R,S,M,T,S,M,Q,K,L,N,L,L,D,L,N,L,L,D,C,A,I,T,G,L,S,G,A
183,5,S,S,T,K,C,L,Q,K,False,5,K,S,S,T,K,C,L,Q,K,H,N,C,R,E,E,K,L,R,M,D,T,C,L,T,K,L,R,M,D,T,T,N,R,V,C,S,K
184,8,L,S,L,T,M,,,,False,8,Y,S,L,P,L,S,L,T,M,P,A,A,E,T,K,V,P,T,G,Q,G,G,E,T,G,Q,G,G,E,A,P,T,T,P,E,S,P
185,5,C,A,N,L,I,V,T,Y,False,15,K,C,A,N,L,I,V,T,Y,G,V,L,F,R,D,D,F,E,A,L,V,G,T,K,A,A,K,R,R,K,P,G,E,L,L,L,Q
186,5,P,A,T,I,V,V,V,Y,False,10,Y,P,A,T,I,V,V,V,Y,W,S,E,D,G,C,I,A,S,I,D,F,K,R,D,F,K,R,E,T,C,T,G,Y,G,N,R,E
187,4,K,E,A,P,P,E,V,Q,False,4,K,E,A,P,P,E,V,Q,K,P,V,P,V,A,K,K,P,A,K,V,P,E,V,E,A,P,P,A,K,V,G,V,V,T,E,E,K
188,2,,,L,T,T,S,K,L,True,9,L,T,T,S,K,L,Y,S,L,R,R,T,S,T,F,A,I,I,V,G,V,M,F,M,A,A,A,T,L,,L,F,R,R,T,S,T
189,5,S,T,L,Y,S,L,T,L,True,16,K,S,T,L,Y,S,L,T,L,K,I,K,L,R,K,R,F,N,T,Q,E,K,S,E,P,G,G,G,D,A,H,G,L,Q,N,R,S
190,7,Q,P,V,L,K,K,,,False,5,K,Q,G,Q,P,V,L,K,K,K,I,F,R,E,C,W,V,S,G,V,H,K,K,V,L,V,S,G,V,H,L,K,S,E,L,W,K
191,3,,T,Y,I,L,T,T,P,True,10,T,Y,I,L,T,T,P,A,F,G,W,Q,C,S,L,C,N,N,S,E,L,P,Y,V,Q,E,A,K,A,Q,P,V,E,G,W,Q,C
192,6,S,K,G,I,Q,R,P,,True,11,K,L,S,K,G,I,Q,R,P,H,Q,L,Q,I,A,K,R,P,V,L,G,Q,P,L,Y,E,L,L,S,G,A,L,G,H,H,Q,L
193,2,,,F,G,Y,A,P,E,False,12,F,G,Y,A,P,E,Q,S,E,Y,S,L,Q,G,H,G,S,S,K,M,S,R,A,R,A,Q,T,F,P,S,E,A,Q,Q,P,L,S
194,7,Q,Q,K,R,L,P,,,True,11,A,T,S,Q,Q,K,R,L,P,L,E,A,S,P,D,H,D,F,Q,S,E,V,L,A,S,S,P,K,Q,W,L,E,V,L,L,E,A
195,6,Q,K,Q,Q,S,P,G,,False,15,K,K,Q,K,Q,Q,S,P,G,K,M,K,V,Q,E,E,S,A,K,S,A,A,A,N,Q,P,G,G,N,P,G,A,T,T,S,K,S
196,8,G,R,V,Q,K,,,,True,3,K,E,L,A,G,R,V,Q,K,L,A,A,K,Y,L,D,Q,I,Q,L,L,G,R,Y,G,A,R,L,A,A,Y,L,D,K,E,L,A
197,3,,K,H,L,Y,L,I,G,True,7,K,H,L,Y,L,I,G,K,G,S,L,V,M,E,G,Q,N,S,K,K,K,G,L,Q,E,I,S,F,S,Y,S,L,V,M,E,G,Q
198,6,C,V,R,T,S,S,Y,,True,3,L,T,C,V,R,T,S,S,Y,E,S,S,Y,N,C,L,M,M,F,L,A,E,H,A,T,L,A,N,S,E,N,C,L,L,T,C,V
199,3,,I,E,K,H,A,G,L,True,11,I,E,K,H,A,G,L,V,Y,G,E,E,K,F,T,F,C,N,N,P,R,S,V,L,S,P,D,C,L,G,E,Y,T,L,G,E,E
200,4,T,K,L,Y,L,P,A,S,False,1,T,K,L,Y,L,P,A,S,H,G,L,L,V,I,L,Q,T,L,P,A,S,H,A,L,Q,T,K,L,Y,T,A,T,R,V,Y,E,M
201,6,D,V,L,R,A,S,K,,False,13,K,L,D,V,L,R,A,S,K,L,D,T,L,L,V,P,N,S,M,F,T,A,G,G,K,G,V,A,E,K,W,Y,S,R,F,T,M
202,5,I,R,D,L,G,S,N,K,False,10,K,I,R,D,L,G,S,N,K,A,S,V,E,Q,L,Q,I,A,I,E,R,S,S,E,R,S,S,R,L,D,S,H,K,V,K,S,S
203,4,K,D,F,K,P,L,G,V,False,6,K,D,F,K,P,L,G,V,K,Y,L,L,Y,E,D,E,D,Y,V,N,L,G,P,K,D,Y,V,N,L,G,L,M,S,V,E,S,K
204,4,K,M,P,K,E,I,S,S,True,2,K,M,P,K,E,I,S,S,I,E,I,S,S,I,I,S,A,D,F,Y,V,L,E,S,S,S,V,Y,L,E,I,S,K,M,P,K,A
205,4,K,T,G,R,P,A,K,F,True,2,K,T,G,R,P,A,K,F,K,P,A,K,F,K,S,I,G,P,L,G,P,N,W,D,Y,K,A,E,E,D,S,I,K,T,G,R,G
206,2,,,K,A,K,C,K,E,False,4,K,A,K,C,K,E,K,A,K,Y,Q,E,P,P,R,R,T,L,H,R,K,C,K,R,K,A,T,L,H,R,P,E,D,V,R,E,T
207,6,S,W,P,G,F,Q,K,,True,16,K,G,S,W,P,G,F,Q,K,A,H,S,L,G,D,L,R,G,L,V,T,R,F,K,R,R,P,V,P,T,V,P,L,P,S,G,P
208,7,N,L,A,M,L,L,,,True,7,E,K,C,N,L,A,M,L,L,R,Q,K,L,D,S,L,T,Q,N,Y,E,G,Q,Q,K,G,Q,E,V,G,R,Q,K,L,D,S,L
209,6,V,S,P,L,L,I,K,,False,2,K,H,V,S,P,L,L,I,K,D,L,L,G,D,H,G,W,E,L,I,K,W,C,H,V,S,P,L,W,E,W,C,L,G,L,S,V
210,7,I,I,S,L,E,I,,,True,8,H,P,N,I,I,S,L,E,I,L,L,Q,E,F,G,D,L,D,V,I,R,A,E,D,A,Q,R,T,F,R,T,L,L,Q,E,F,G
211,5,Y,R,T,L,V,A,G,K,False,3,K,Y,R,T,L,V,A,G,K,K,E,Q,S,C,S,T,R,Q,C,V,A,G,K,Y,R,T,L,R,Q,C,E,T,N,F,S,L,A
212,2,,,K,E,V,R,I,H,False,12,K,E,V,R,I,H,A,A,L,R,A,L,L,L,Q,A,D,F,S,G,Y,D,F,D,F,E,N,R,L,H,A,S,L,R,E,L,V
213,7,G,L,H,V,A,Y,,,False,2,S,K,Y,G,L,H,V,A,Y,Q,E,L,A,L,L,H,S,P,A,Y,E,G,R,Y,G,L,H,V,S,P,E,G,R,V,E,Q,P
214,7,V,V,V,L,T,F,,,True,0,C,E,K,V,V,V,L,T,F,R,K,W,H,T,T,F,M,N,I,D,L,L,R,K,L,R,K,W,H,T,C,E,K,V,V,V,L
215,4,E,P,G,F,V,V,D,L,True,11,E,P,G,F,V,V,D,L,Y,Q,I,T,V,L,P,P,S,P,P,T,P,I,P,L,P,P,R,V,W,A,G,K,C,T,Q,I,T
216,3,,L,S,S,S,W,S,I,False,1,L,S,S,S,W,S,I,M,K,K,L,R,I,A,Q,G,E,S,W,S,I,M,K,A,Q,G,L,S,S,E,N,M,A,T,E,L,G
217,3,,K,V,S,L,F,S,E,False,5,K,V,S,L,F,S,E,T,K,R,C,E,L,A,C,I,R,P,C,T,R,L,F,V,S,R,P,C,T,R,A,F,P,V,W,E,G
218,4,P,N,V,E,S,F,I,S,False,15,P,N,V,E,S,F,I,S,F,G,Y,P,D,I,Y,P,C,V,W,N,I,V,S,P,G,N,R,L,Q,L,Q,L,E,D,S,Q,D
219,7,V,Y,L,N,V,L,,,True,14,H,P,S,V,Y,L,N,V,L,Q,N,R,L,S,F,Y,G,N,W,L,C,C,Q,E,A,N,E,W,I,D,C,R,V,S,R,C,N
220,5,I,F,F,V,S,G,K,I,True,1,M,I,F,F,V,S,G,K,I,R,T,S,G,K,I,Y,L,V,I,F,L,G,S,Y,Q,Q,T,L,R,T,Y,M,I,F,F,V,L
221,2,,,K,R,Q,P,E,S,True,10,K,R,Q,P,E,S,G,I,K,S,F,F,S,R,D,K,L,A,N,T,Q,R,N,A,H,P,R,T,S,P,R,L,F,S,F,F,S
222,5,L,P,Y,H,S,L,K,G,True,7,K,L,P,Y,H,S,L,K,G,K,I,L,V,K,G,K,L,G,D,D,A,E,E,K,Q,L,P,S,P,Q,K,I,L,V,K,G,K
223,5,L,K,E,P,M,K,L,A,True,18,I,L,K,E,P,M,K,L,A,S,N,L,T,F,L,S,Y,Q,E,L,A,F,M,S,S,Y,L,A,P,F,Q,Q,I,Q,D,G,S
224,4,K,L,N,I,T,T,P,K,False,2,K,L,N,I,T,T,P,K,K,G,L,F,K,K,A,G,T,K,T,T,P,K,K,G,K,L,N,I,T,K,D,G,S,I,N,T,S
225,6,N,P,V,V,L,L,K,,False,11,L,F,N,P,V,V,L,L,K,F,Y,T,T,L,T,P,Y,T,L,R,N,K,E,N,K,E,V,K,K,A,L,K,N,G,S,V,F
226,2,,,K,E,A,N,R,L,True,7,K,E,A,N,R,L,G,E,K,V,I,L,R,E,Q,V,L,F,N,E,K,Y,G,P,K,P,D,E,D,D,V,I,L,R,E,Q,V
227,6,D,L,I,S,L,E,L,,True,1,K,N,D,L,I,S,L,E,L,G,E,K,L,E,L,L,I,K,D,I,F,A,A,A,S,L,D,G,E,K,L,K,N,D,L,I,S
228,3,,K,E,G,D,K,I,I,False,18,K,E,G,D,K,I,I,E,L,V,K,Q,L,E,P,P,E,R,R,T,T,H,N,R,Y,R,S,S,I,N,K,D,L,V,M,G,T
229,5,E,I,T,Q,Q,A,V,K,True,4,K,E,I,T,Q,Q,A,V,K,A,V,K,A,V,Q,Q,S,P,S,T,S,T,I,G,T,R,Y,Q,T,R,A,V,Q,Q,K,E,I
230,5,T,G,L,K,S,W,I,L,False,19,K,T,G,L,K,S,W,I,L,I,S,D,Q,Y,G,R,I,S,V,L,W,T,L,S,A,F,A,P,V,Y,V,L,R,G,L,V,G
231,3,,K,K,P,M,D,L,I,True,9,K,K,P,M,D,L,I,D,S,L,L,D,P,E,D,L,D,P,A,S,L,R,A,N,D,M,E,D,D,S,D,E,L,L,D,P,E
232,6,R,G,K,F,V,S,K,,True,9,K,P,R,G,K,F,V,S,K,F,F,N,L,N,E,T,T,Y,D,A,V,Y,C,Y,D,V,V,S,D,H,V,T,F,F,N,L,N
233,3,,K,P,D,N,V,S,Y,False,8,K,P,D,N,V,S,Y,K,P,R,M,L,A,G,R,L,E,G,G,E,V,P,V,G,G,E,V,P,V,L,Q,K,I,S,P,K,S
234,8,L,V,Y,V,L,,,,True,10,T,P,E,D,L,V,Y,V,L,N,S,R,F,T,Q,P,D,P,S,P,D,Y,C,R,V,T,R,K,G,R,E,L,V,N,S,R,F
235,2,,,K,F,A,L,N,L,True,13,K,F,A,L,N,L,T,E,L,R,A,L,K,D,S,K,F,S,L,L,S,V,T,A,R,S,I,D,L,S,V,N,G,M,L,S,R
236,2,,,K,D,D,I,F,N,False,12,K,D,D,I,F,N,V,A,K,L,P,A,N,I,T,L,L,P,S,L,Y,P,S,P,S,F,H,S,A,S,P,K,N,P,S,T,N
237,2,,,R,C,V,L,L,P,False,8,R,C,V,L,L,P,V,S,Y,D,G,D,E,L,G,Y,R,F,N,E,D,F,K,F,N,E,D,F,K,Y,G,V,V,C,V,P,G
238,7,K,I,N,L,S,F,,,True,4,N,L,T,K,I,N,L,S,F,E,S,F,Q,G,L,Q,N,H,N,P,N,V,Q,I,T,H,I,T,N,E,Q,G,L,Q,N,L,T
239,1,,,,Y,L,Q,K,K,False,16,Y,L,Q,K,K,I,G,S,L,N,L,N,Q,R,L,S,L,A,N,M,G,G,P,L,G,T,T,V,D,I,Q,K,S,R,L,K,E
240,7,G,L,Q,D,G,F,,,True,19,W,N,N,G,L,Q,D,G,F,G,A,K,Y,E,G,T,G,Y,G,T,E,T,Y,Y,K,G,E,W,T,H,K,G,R,Y,G,I,R
241,5,L,E,E,V,V,E,A,Y,True,15,V,L,E,E,V,V,E,A,Y,G,N,T,L,D,S,S,Q,R,S,P,V,G,Y,V,Y,I,L,R,P,P,S,D,T,R,A,I,L
242,7,V,D,S,N,I,R,,,False,2,F,V,T,V,D,S,N,I,R,S,Q,L,L,Q,H,P,K,P,I,R,E,L,I,T,V,D,S,N,K,P,E,L,I,A,E,A,K
243,3,,E,L,H,S,L,V,E,False,5,E,L,H,S,L,V,E,I,I,A,L,K,L,Y,F,P,M,V,L,L,E,S,L,L,H,M,V,L,L,E,L,V,A,V,Q,H,V
244,6,M,L,Q,T,S,H,L,,True,11,S,H,M,L,Q,T,S,H,L,H,C,S,L,F,D,V,K,I,L,G,S,D,R,Y,R,D,S,H,T,D,H,T,R,Q,H,C,S
245,4,K,T,D,K,S,R,T,F,False,6,K,T,D,K,S,R,T,F,A,C,F,S,S,I,H,V,H,A,Q,R,F,L,S,K,H,A,Q,R,F,L,L,A,E,L,R,K,S
246,3,,H,V,L,A,W,L,P,True,2,H,V,L,A,W,L,P,A,F,W,L,P,A,F,V,P,G,V,Y,L,T,V,R,S,E,W,E,M,G,M,V,P,H,V,L,G,V
247,7,F,T,V,Y,L,I,,,False,7,S,P,D,F,T,V,Y,L,I,A,H,Y,T,P,R,M,M,I,K,Y,L,M,T,M,I,K,Y,L,M,T,V,G,I,T,S,G,F
248,7,F,T,V,L,I,Y,,,True,0,P,D,S,F,T,V,L,I,Y,E,A,L,E,S,I,Y,S,E,N,P,P,S,F,E,L,E,A,L,E,S,P,D,S,F,T,V,L
249,3,,K,I,F,T,M,S,Q,False,7,K,I,F,T,M,S,Q,L,S,T,I,F,F,A,W,I,K,F,I,S,F,N,K,K,F,I,S,F,N,K,S,T,L,S,R,C,V
250,1,,,,K,G,H,V,F,False,17,K,G,H,V,F,L,L,Q,L,F,A,V,F,V,H,A,M,A,E,L,Q,V,R,L,K,L,Q,G,I,P,L,H,G,Q,H,M,K
251,2,,,K,T,R,P,L,P,False,9,K,T,R,P,L,P,K,S,K,S,G,K,P,T,S,L,A,Q,S,S,W,V,N,S,S,W,V,N,L,P,A,S,L,K,S,P,A
252,3,,K,W,V,G,P,K,L,False,15,K,W,V,G,P,K,L,D,L,V,A,L,Q,D,H,F,K,Q,Q,C,E,F,A,Q,A,Q,N,P,D,Q,G,F,K,E,G,Q,T
253,4,R,I,H,S,L,T,S,S,False,13,R,I,H,S,L,T,S,S,R,R,N,L,I,E,H,Q,G,E,K,T,Y,E,C,C,H,V,C,R,K,V,N,L,M,V,H,Q,R
254,4,K,E,P,V,L,Q,K,S,True,9,K,E,P,V,L,Q,K,S,K,L,S,Q,L,C,D,T,E,E,T,Q,E,P,P,I,Q,R,R,K,A,Q,G,P,L,S,Q,L,C
255,3,,K,E,N,L,N,A,L,True,18,K,E,N,L,N,A,L,Q,K,D,W,I,K,N,K,N,S,G,Q,V,P,C,S,D,I,T,K,W,T,I,T,L,Q,C,C,G,Q
256,4,K,P,D,F,P,D,D,K,True,7,K,P,D,F,P,D,D,K,P,D,D,S,G,K,D,P,P,K,F,L,S,L,L,A,D,D,K,P,D,K,D,D,S,G,K,D,P
257,5,I,Q,D,K,V,T,A,K,False,3,R,I,Q,D,K,V,T,A,K,N,F,F,V,E,C,F,L,L,T,V,T,A,K,I,Q,D,K,L,L,T,E,D,E,E,E,D,
258,5,P,L,L,Q,L,Y,A,L,False,14,K,P,L,L,Q,L,Y,A,L,W,Q,S,S,S,I,L,Q,G,L,S,D,A,E,E,F,V,I,V,K,A,T,C,M,C,Q,L,G
259,8,Y,S,F,V,F,,,,True,12,P,D,K,G,Y,S,F,V,F,I,M,E,I,R,V,F,R,F,N,S,H,E,S,E,Q,L,M,R,Q,T,S,P,F,G,Q,I,M
260,6,P,G,Y,S,K,H,Q,,False,9,K,D,P,G,Y,S,K,H,Q,R,A,S,Y,M,P,P,T,E,M,K,E,E,S,M,K,E,E,S,V,K,Y,P,D,G,E,V,W
261,2,,,K,I,D,G,Q,T,False,12,K,I,D,G,Q,T,R,E,L,V,H,Y,R,G,D,E,K,G,F,I,W,D,L,D,L,I,T,P,T,E,Q,N,H,L,G,L,S
262,7,G,K,T,I,Q,K,,,False,6,K,E,Q,G,K,T,I,Q,K,V,R,Q,I,R,Q,I,S,N,D,D,D,V,Q,I,S,N,D,D,D,V,A,D,V,S,S,T,G
263,5,D,I,P,V,F,R,S,L,False,13,L,D,I,P,V,F,R,S,L,I,N,R,E,G,S,P,D,V,F,V,H,Q,S,S,K,L,F,M,E,G,K,E,G,E,P,V,E
264,1,,,,K,L,Q,D,T,False,16,K,L,Q,D,T,K,I,T,L,P,Q,K,A,E,A,L,L,F,L,E,E,T,K,V,A,V,Y,L,E,S,I,I,N,W,L,Q,E
265,4,P,N,G,T,W,K,D,K,False,4,P,N,G,T,W,K,D,K,D,Y,E,L,I,L,Y,N,K,K,E,N,W,K,D,N,G,T,K,K,E,N,L,T,E,W,R,F,Q
266,6,M,L,K,T,V,L,Q,,False,2,E,V,M,L,K,T,V,L,Q,P,A,V,T,K,E,L,Q,N,V,L,Q,Q,R,V,M,L,K,T,Q,N,Q,R,R,L,K,H,L
267,4,V,V,D,L,K,P,F,S,False,8,V,V,D,L,K,P,F,S,R,F,L,L,V,Q,S,M,K,N,L,L,F,N,P,N,L,L,F,N,P,S,G,S,Q,P,A,D,V
268,4,K,D,G,E,S,Y,I,S,True,3,K,D,G,E,S,Y,I,S,Y,Y,I,S,Y,S,N,N,T,S,L,V,T,G,E,A,Y,K,W,L,R,Y,S,N,N,K,D,G,E
269,3,,A,Y,L,F,E,N,A,True,5,A,Y,L,F,E,N,A,S,F,S,F,L,D,P,I,K,N,S,L,S,F,P,I,T,V,N,I,E,I,S,L,D,P,I,K,A,Y
270,6,L,S,L,V,T,E,I,,False,2,R,M,L,S,L,V,T,E,I,Y,A,Q,G,E,D,A,S,K,T,E,I,E,E,M,L,S,L,V,S,K,E,E,D,S,F,R,Q
271,4,K,E,K,H,A,P,P,Q,False,3,K,E,K,H,A,P,P,Q,K,G,I,A,Y,F,E,C,G,I,F,A,P,P,Q,K,E,K,H,G,I,F,I,S,H,I,P,E,N
272,6,I,M,L,F,L,G,K,,True,6,K,L,I,M,L,F,L,G,K,K,D,H,G,F,H,T,P,Q,K,L,R,P,R,V,D,L,S,Q,C,Y,D,H,G,F,H,T,K
273,7,L,N,C,E,V,M,,,True,8,K,V,K,L,N,C,E,V,M,P,L,D,S,E,E,K,V,K,G,N,P,K,P,F,I,Q,E,P,S,P,F,P,L,D,S,E,E
274,7,D,V,L,P,S,Y,,,False,12,K,L,E,D,V,L,P,S,Y,V,D,P,E,P,Q,V,L,A,F,T,R,L,C,L,C,E,P,K,E,A,S,L,I,R,K,Y,V
275,7,V,F,F,R,S,S,,,False,15,D,H,A,V,F,F,R,S,S,M,G,S,K,,,,E,M,T,Q,L,I,L,E,M,P,K,A,G,Y,I,L,N,D,F,V,E
276,4,Q,P,F,E,A,A,F,Q,False,1,Q,P,F,E,A,A,F,Q,K,E,K,Q,Q,L,P,E,K,A,A,F,Q,K,Q,P,E,Q,P,F,E,K,Q,N,D,T,P,K,G
277,3,,Y,V,T,Q,I,P,V,True,4,Y,V,T,Q,I,P,V,T,F,V,T,F,V,L,G,F,L,V,V,N,R,W,W,Y,C,D,R,Y,A,E,V,L,G,F,Y,V,T
278,2,,,K,E,T,S,H,P,False,17,K,E,T,S,H,P,L,K,Q,N,L,I,R,H,K,L,V,I,S,S,V,P,K,D,K,P,E,D,V,H,R,R,R,I,,,
279,6,N,K,N,A,Y,A,P,,True,11,Y,Q,N,K,N,A,Y,A,P,I,V,G,Q,E,K,P,I,N,N,G,V,R,I,C,S,A,G,S,T,V,F,T,G,M,I,V,G
280,8,K,L,F,F,S,,,,True,4,D,A,Q,I,K,L,F,F,S,Q,I,S,N,P,A,N,D,Y,L,S,Q,Q,L,Y,L,T,A,L,Q,I,N,P,A,N,D,A,Q
281,3,,T,R,S,P,V,K,Q,True,4,T,R,S,P,V,K,Q,P,R,Q,P,R,I,C,S,E,L,S,E,H,F,S,G,R,E,L,R,E,K,I,I,C,S,E,T,R,S
282,8,F,V,P,K,C,,,,True,0,T,Y,I,V,F,V,P,K,C,Y,P,N,S,L,E,C,M,S,E,I,I,L,E,K,Y,P,N,S,L,E,T,Y,I,V,F,V,P
283,2,,,K,W,G,K,P,V,True,1,K,W,G,K,P,V,M,V,K,K,P,V,M,V,K,L,G,M,E,Y,K,G,Y,P,F,L,N,G,L,T,L,K,W,G,M,E,Y
284,7,G,Y,S,F,V,F,,,True,0,P,E,K,G,Y,S,F,V,F,I,M,E,I,R,V,F,V,R,F,S,T,H,E,G,Q,I,M,E,I,R,P,E,K,G,Y,S,F
285,1,,,,H,V,L,M,K,False,6,H,V,L,M,K,I,D,A,F,N,F,A,I,R,G,L,Y,D,V,Q,R,A,V,H,Y,D,V,Q,R,A,H,Y,I,Q,L,G,T
286,5,V,I,Q,L,V,P,E,I,True,3,Y,V,I,Q,L,V,P,E,I,V,P,E,I,E,E,D,V,S,V,E,G,G,A,V,H,L,L,P,D,E,E,E,D,Y,V,I,Q
287,6,R,V,P,D,L,V,F,,True,14,T,Q,R,V,P,D,L,V,F,W,R,L,Y,K,V,F,K,R,V,I,I,K,D,M,L,C,I,G,T,S,G,P,I,L,G,K,S
288,5,P,W,L,G,D,I,V,F,True,4,K,P,W,L,G,D,I,V,F,I,V,F,Y,K,T,L,D,G,L,L,L,S,V,S,D,A,I,T,D,K,Y,K,T,L,K,P,W
289,5,M,K,A,V,Y,I,P,R,True,5,P,M,K,A,V,Y,I,P,R,P,R,K,R,G,K,N,G,L,A,W,Y,S,L,P,L,S,P,E,L,E,K,R,G,K,N,P,M
290,7,C,P,L,L,E,Y,,,True,12,Q,P,L,C,P,L,L,E,Y,M,Q,P,A,S,P,G,R,R,C,I,S,V,L,F,L,L,E,I,V,M,L,S,F,C,P,M,Q
291,1,,,,K,L,T,T,M,True,1,K,L,T,T,M,I,K,L,K,T,M,I,K,L,K,D,D,I,I,E,A,V,N,L,Q,A,R,E,Q,A,D,K,D,I,I,E,A
292,2,,,D,H,A,Q,Q,P,False,13,D,H,A,Q,Q,P,Y,S,M,M,T,L,G,Y,V,S,W,A,Q,Y,V,S,H,H,N,Q,G,S,G,L,E,K,L,Q,V,E,F
293,2,,,K,N,A,E,V,H,False,5,K,N,A,E,V,H,E,S,Y,E,N,L,F,E,W,A,S,P,L,N,K,A,E,K,N,S,P,L,N,K,K,H,L,K,S,L,Q
294,1,,,,K,P,S,W,S,True,10,K,P,S,W,S,M,L,E,V,P,A,S,T,Q,Q,I,A,G,V,P,G,R,V,L,Q,L,P,D,G,S,A,S,G,P,A,S,T
295,3,,E,E,Q,S,K,I,T,False,4,E,E,Q,S,K,I,T,E,L,L,G,E,T,R,E,R,E,T,T,S,S,K,I,E,E,Q,E,T,T,S,Q,L,K,L,E,S,A
296,5,N,K,N,K,V,M,S,K,False,6,K,N,K,N,K,V,M,S,K,G,G,K,M,K,I,V,N,G,R,I,V,I,V,K,N,G,R,I,V,I,Y,M,E,N,G,M,Q
297,2,,,K,E,V,F,V,Q,True,3,K,E,V,F,V,Q,T,N,I,Q,T,N,I,L,N,W,R,T,L,L,I,E,A,I,A,G,V,E,H,V,L,N,W,K,E,R,T
298,5,P,Y,Q,C,L,L,T,I,True,8,K,P,Y,Q,C,L,L,T,I,Q,I,V,H,T,R,G,G,V,C,G,K,I,F,K,A,F,H,R,G,S,H,Q,I,V,H,T,R
299,6,N,N,Y,L,A,Y,I,,True,0,P,L,N,N,Y,L,A,Y,I,I,A,T,S,A,Y,I,V,F,N,D,V,D,G,V,F,K,I,A,T,S,P,L,N,N,Y,L,V
300,3,,K,R,I,P,L,P,T,False,1,K,R,I,P,L,P,T,K,K,L,I,N,F,G,I,Y,K,P,L,P,T,K,K,G,I,Y,K,R,I,K,T,G,K,V,I,I,I
301,7,E,E,L,E,V,G,,,False,14,K,Y,D,E,E,L,E,V,G,V,Q,S,K,I,E,K,E,R,L,V,E,W,I,I,V,Q,C,G,P,D,R,P,D,R,G,R,L
302,7,Q,M,C,K,G,Y,,,True,2,K,P,Q,Q,M,C,K,G,Y,G,N,C,G,Y,V,L,G,T,F,N,P,F,S,F,K,A,N,G,N,C,V,L,K,P,Q,Q,M
303,4,H,L,D,L,M,R,V,S,True,18,H,L,D,L,M,R,V,S,L,M,L,D,E,P,T,N,N,A,V,I,W,L,N,K,F,S,G,G,W,R,A,R,A,L,F,M,E
304,6,Y,L,K,L,L,G,Y,,False,12,N,T,Y,L,K,L,L,G,Y,K,V,L,N,L,T,D,N,D,E,V,I,M,N,M,N,R,R,Y,T,Y,A,V,T,A,G,H,F
305,7,I,F,L,N,K,A,,,False,18,K,D,H,I,F,L,N,K,A,V,R,A,Y,L,L,T,S,A,L,R,A,T,A,L,S,E,Q,H,G,V,V,F,M,N,K,H,D
306,6,R,P,V,S,L,E,K,,False,18,K,E,R,P,V,S,L,E,K,R,V,K,K,E,P,V,E,M,F,S,L,E,D,R,E,M,M,I,R,N,Q,K,M,A,G,L,E
307,4,K,L,D,R,K,E,A,L,True,17,K,L,D,R,K,E,A,L,L,E,E,L,K,Q,Q,Q,Q,K,E,L,E,K,K,V,P,N,S,A,P,F,R,E,A,E,L,R,K
308,3,,V,D,K,K,K,L,K,True,0,V,D,K,K,K,L,K,E,V,M,K,K,L,K,E,V,Q,R,D,E,I,R,A,E,R,E,R,Q,V,M,V,D,K,Q,R,D,E
309,2,,,K,Q,V,Q,V,T,True,2,K,Q,V,Q,V,T,K,K,K,V,T,K,K,K,K,K,H,K,I,P,T,N,D,S,E,D,E,D,R,A,K,K,K,Q,H,K,I
310,2,,,V,H,E,T,R,G,True,4,V,H,E,T,R,G,Y,I,L,Y,I,L,E,V,Y,G,F,E,L,P,D,L,G,F,S,I,D,V,F,E,E,V,Y,G,V,H,F
311,5,E,V,K,E,K,E,V,V,True,17,K,E,V,K,E,K,E,V,V,V,K,H,H,F,P,C,S,G,H,M,F,P,S,S,M,S,D,D,D,R,N,I,Q,T,W,I,N
312,4,I,R,L,P,S,I,L,L,False,10,I,R,L,P,S,I,L,L,Y,R,L,D,S,N,L,M,D,R,P,L,K,P,G,L,K,P,G,E,V,L,L,A,P,N,S,S,S
313,7,E,R,V,E,S,I,,,True,11,E,V,K,E,R,V,E,S,I,K,D,P,Q,D,I,L,K,N,T,M,F,S,S,L,T,K,T,N,P,N,K,K,K,Q,K,D,P
314,2,,,K,Q,I,T,S,W,True,1,K,Q,I,T,S,W,A,Q,K,S,N,K,Q,V,S,S,Q,M,G,F,F,S,L,L,A,S,C,E,G,N,S,E,S,Q,M,G,F
315,4,K,T,K,W,K,A,L,S,True,8,K,T,K,W,K,A,L,S,K,L,E,S,R,D,E,V,G,V,S,D,F,I,K,A,A,S,T,N,L,Q,A,L,E,S,R,D,E
316,6,V,S,R,V,L,E,L,,False,17,K,F,V,S,R,V,L,E,L,R,P,F,K,V,S,I,S,W,H,L,L,H,E,G,R,T,L,P,E,P,D,K,P,I,S,T,N
317,5,D,I,R,N,F,D,A,L,True,0,K,D,I,R,N,F,D,A,L,V,H,D,F,D,A,L,Q,V,V,Q,E,I,C,R,V,Y,Y,V,H,D,K,D,I,R,N,Q,V
318,8,I,P,H,T,F,,,,True,12,H,P,M,L,I,P,H,T,F,A,L,G,L,G,M,V,P,I,E,I,T,K,E,L,P,T,G,R,P,E,V,T,Y,Q,D,A,L
319,4,P,H,Y,L,C,N,V,T,True,16,P,H,Y,L,C,N,V,T,F,T,R,D,L,A,P,G,S,V,F,Y,T,R,N,F,V,D,D,Q,L,P,F,N,A,S,H,V,V
320,3,,K,E,D,Y,G,L,I,False,17,K,E,D,Y,G,L,I,Q,K,M,I,I,L,L,T,R,L,G,D,Q,D,L,D,R,N,S,N,K,A,L,C,K,N,R,Y,S,A
321,5,I,R,A,W,Q,L,P,L,False,8,P,I,R,A,W,Q,L,P,L,P,E,A,R,D,Q,G,S,V,L,P,D,N,F,V,L,P,D,N,F,L,E,P,G,S,T,E,P
322,7,F,L,K,L,E,M,,,False,9,Q,D,A,F,L,K,L,E,M,F,F,P,F,L,N,S,Q,V,P,C,D,S,T,P,C,D,S,T,E,S,N,H,L,Y,P,A,F
323,7,P,P,M,H,Y,T,,,True,11,R,H,G,P,P,M,H,Y,T,T,P,H,P,T,Q,L,S,Y,L,P,S,H,P,M,S,M,A,Q,P,S,P,P,Q,M,T,P,H
324,6,I,A,H,T,L,F,E,,True,12,Q,H,I,A,H,T,L,F,E,L,E,P,S,V,S,A,T,A,S,S,P,L,T,A,P,R,H,Q,E,Y,G,H,L,C,V,L,E
325,4,W,N,D,R,G,N,S,T,True,3,W,N,D,R,G,N,S,T,F,N,S,T,F,A,W,F,R,L,H,A,E,P,V,L,G,G,P,G,P,V,A,W,F,W,N,D,R
326,1,,,,K,S,S,E,R,True,13,K,S,S,E,R,S,I,Y,K,V,A,A,A,E,T,E,Q,V,A,L,A,Q,G,V,A,P,S,A,D,T,A,R,F,L,E,N,V
327,7,Q,Q,V,L,Q,K,,,True,1,Q,R,A,Q,Q,V,L,Q,K,K,Q,A,S,Q,K,S,H,L,Q,V,L,Q,L,N,K,L,K,Q,A,S,S,Q,R,A,Q,Q,V
328,4,R,E,H,G,E,P,V,L,True,19,R,E,H,G,E,P,V,L,Y,Q,I,H,D,T,L,G,A,Q,V,P,Q,H,S,R,F,M,G,D,L,P,A,R,S,S,Q,Q,G
329,4,K,S,V,F,L,L,H,K,True,19,K,S,V,F,L,L,H,K,K,C,G,R,G,F,K,K,V,V,H,K,R,I,H,F,N,Q,M,S,S,L,I,H,N,G,K,K,T
330,6,N,N,V,L,A,L,Y,,True,5,F,F,N,N,V,L,A,L,Y,L,Y,G,P,K,Y,T,M,F,S,P,A,V,S,G,V,P,F,I,T,E,G,P,K,Y,T,F,F
331,3,,L,D,N,K,R,V,E,False,13,L,D,N,K,R,V,E,N,I,A,V,F,V,I,G,V,L,L,V,V,L,I,L,L,V,K,Y,K,G,L,Y,L,L,N,L,A,V
332,6,S,R,T,L,L,V,K,,True,16,K,R,S,R,T,L,L,V,K,E,T,K,N,S,G,F,E,G,K,L,K,D,P,A,T,E,Q,A,K,Q,S,G,A,I,S,A,I
333,5,I,F,T,H,D,P,E,D,True,11,K,I,F,T,H,D,P,E,D,L,I,M,L,D,P,Y,D,S,F,E,K,A,E,G,I,R,R,V,I,E,K,E,S,R,L,I,M
334,6,L,I,S,I,E,E,W,,True,4,V,L,L,I,S,I,E,E,W,E,E,W,T,Y,L,V,P,I,G,F,L,F,K,M,S,P,,,,,T,Y,L,V,V,L,L
335,6,C,I,Q,I,I,K,K,,True,9,K,K,C,I,Q,I,I,K,K,N,Y,S,T,A,P,K,K,D,L,I,L,L,G,G,S,G,Q,Q,D,T,A,L,N,Y,S,T,A
336,8,P,I,M,K,V,,,,True,7,K,M,K,K,P,I,M,K,V,Q,F,L,M,E,M,Y,A,D,M,L,K,I,V,I,M,K,T,N,M,L,Q,F,L,M,E,M,Y
337,7,D,V,I,V,I,I,,,True,14,K,F,R,D,V,I,V,I,I,P,R,V,M,M,D,V,V,K,A,G,E,V,L,P,S,E,S,T,G,P,V,K,D,D,V,E,P
338,7,Y,I,L,I,S,R,,,True,15,K,D,P,Y,I,L,I,S,R,T,P,L,T,T,L,L,A,A,G,S,I,C,F,Q,L,F,V,L,Q,P,V,Q,P,E,S,Q,K
339,6,F,V,W,G,K,I,K,,False,13,K,V,F,V,W,G,K,I,K,S,A,A,T,I,R,T,L,N,D,K,D,Q,L,L,G,G,L,K,G,S,V,P,S,F,S,E,T
340,5,I,L,V,V,E,S,R,K,True,0,Y,I,L,V,V,E,S,R,K,R,L,L,E,S,R,K,P,L,I,V,I,N,E,A,S,L,A,R,L,L,Y,I,L,V,V,P,L
341,4,K,Y,N,Q,L,G,K,K,True,8,K,Y,N,Q,L,G,K,K,K,S,N,L,T,L,P,P,P,F,F,V,T,S,L,E,N,H,S,F,A,L,S,S,N,L,T,L,P
342,5,F,N,T,Q,N,V,E,K,True,12,K,F,N,T,Q,N,V,E,K,G,V,H,N,D,V,S,N,Y,A,R,T,S,V,L,G,H,K,N,E,E,N,T,S,P,Q,G,V
343,4,T,I,K,D,F,P,Q,L,True,2,T,I,K,D,F,P,Q,L,F,F,P,Q,L,F,Q,S,G,T,F,L,R,T,L,Q,L,A,P,N,G,I,Q,S,T,I,K,D,G
344,4,K,N,L,K,I,H,N,N,True,14,K,N,L,K,I,H,N,N,K,L,S,K,Q,A,V,S,E,D,K,P,V,K,E,R,D,I,G,H,H,L,I,G,G,I,N,S,L
345,3,,E,P,I,V,N,M,R,True,18,E,P,I,V,N,M,R,H,N,K,R,M,K,Q,L,V,L,G,A,A,V,Y,N,Y,L,V,T,V,T,E,W,K,L,K,H,T,V
346,5,E,E,A,T,Y,I,Q,K,True,16,K,E,E,A,T,Y,I,Q,K,D,S,V,K,R,F,P,E,G,N,A,T,S,P,F,K,G,P,H,V,R,P,D,N,S,P,C,S
347,3,,Q,P,T,Y,T,I,Y,True,4,Q,P,T,Y,T,I,Y,L,I,Y,L,I,P,C,T,V,Q,P,W,V,D,P,G,R,K,D,Y,S,G,E,P,C,T,V,Q,P,T
348,3,,K,S,A,W,H,I,L,True,2,K,S,A,W,H,I,L,E,K,H,I,L,E,K,N,L,S,N,I,D,D,V,L,F,E,V,M,E,P,T,N,L,K,S,A,S,N
349,3,,F,D,S,I,I,K,L,False,6,F,D,S,I,I,K,L,L,Y,I,T,L,Y,N,G,A,S,S,A,V,F,L,I,S,S,S,A,V,F,L,E,K,G,I,S,L,R
350,2,,,K,I,I,D,P,L,True,10,K,I,I,D,P,L,K,R,E,I,T,L,D,H,K,C,F,Q,T,L,N,G,A,L,F,Y,T,K,V,Y,A,I,N,I,T,L,D
351,7,E,H,T,H,F,D,,,True,4,V,T,K,E,H,T,H,F,D,I,F,D,E,L,Y,K,N,K,K,E,A,H,K,D,D,T,S,S,E,I,E,L,Y,K,V,T,K
352,4,K,D,D,D,L,V,Y,V,True,2,K,D,D,D,L,V,Y,V,F,L,V,Y,V,F,N,A,G,S,F,L,N,S,R,E,N,V,P,I,G,T,N,A,K,D,D,D,G
353,4,Q,L,Q,S,R,I,Q,Q,False,17,Q,L,Q,S,R,I,Q,Q,L,L,S,Y,N,L,L,F,S,D,F,H,S,V,S,V,L,I,L,C,H,N,D,L,K,T,F,E,F
354,2,,,K,Y,I,V,V,L,False,5,K,Y,I,V,V,L,N,H,K,T,D,P,R,A,Y,L,G,K,E,N,A,I,V,K,Y,G,K,E,N,A,F,E,I,D,F,L,C
355,5,K,I,R,E,V,E,V,L,False,2,K,K,I,R,E,V,E,V,L,P,P,F,T,F,H,V,G,Q,V,E,V,L,K,K,K,I,R,E,G,Q,K,A,T,E,M,V,E
356,2,,,L,E,V,T,R,Q,True,12,L,E,V,T,R,Q,K,Q,L,K,K,N,V,D,A,I,E,Y,A,N,C,K,K,L,V,E,D,W,D,L,F,Q,L,P,A,K,K
357,4,L,E,R,K,K,L,S,Q,True,11,L,E,R,K,K,L,S,Q,L,I,M,E,F,L,K,E,E,R,Q,V,K,F,R,Q,L,E,T,I,P,L,Q,Y,R,Q,I,M,E
358,1,,,,K,H,T,I,Y,False,13,K,H,T,I,Y,L,V,I,K,V,F,M,G,C,L,L,D,H,D,T,L,S,Q,Q,R,G,I,M,D,G,S,K,Q,G,S,R,S
359,7,V,K,L,E,I,T,,,True,5,K,E,R,V,K,L,E,I,T,I,T,E,P,E,H,T,G,S,K,C,K,G,Q,A,G,G,A,A,V,V,E,P,E,H,T,K,E
360,3,,K,I,R,A,Q,M,L,False,11,K,I,R,A,Q,M,L,E,K,L,S,V,P,V,T,C,V,F,P,E,I,D,K,I,D,K,T,V,R,Y,A,G,C,Q,L,L,T
361,8,K,K,E,V,K,,,,True,0,D,L,K,E,K,K,E,V,K,S,S,E,I,T,T,K,V,E,E,A,E,N,G,T,S,S,E,I,T,T,D,L,K,E,K,K,E
362,7,M,I,K,L,E,I,,,False,8,K,L,E,M,I,K,L,E,I,T,S,L,T,L,N,Q,S,E,E,G,M,S,K,E,E,G,M,S,K,A,G,R,R,L,G,L,L
363,2,,,T,H,L,L,K,T,False,18,T,H,L,L,K,T,L,E,Y,V,G,F,V,G,F,V,Y,V,L,P,Q,V,R,W,H,C,F,S,H,P,N,Q,Y,E,V,R,N
364,5,T,L,F,I,F,L,T,K,False,11,H,T,L,F,I,F,L,T,K,I,S,M,D,H,P,H,I,L,A,L,A,N,A,A,N,A,N,R,D,E,P,E,V,A,R,R,S
365,4,K,Y,L,L,S,I,V,Q,True,18,K,Y,L,L,S,I,V,Q,R,V,S,F,Q,H,P,H,Y,Y,L,V,S,L,K,R,L,W,E,L,R,D,E,L,L,M,L,R,V
366,2,,,I,Y,I,V,E,M,False,19,I,Y,I,V,E,M,K,L,L,T,G,I,I,I,S,F,G,W,Q,L,T,L,L,P,I,I,A,V,S,G,A,G,N,A,K,R,D
367,3,,K,S,Q,N,Y,I,Q,False,6,K,S,Q,N,Y,I,Q,E,I,Q,P,S,V,E,G,L,V,A,R,H,S,L,N,Q,V,A,R,H,S,L,G,N,G,W,F,G,K
368,1,,,,F,F,N,A,E,False,13,F,F,N,A,E,T,F,T,F,L,V,N,R,R,P,C,S,A,L,E,V,D,E,E,T,Y,V,P,K,E,H,A,D,I,C,T,L
369,5,N,V,F,N,V,Y,K,L,False,3,K,N,V,F,N,V,Y,K,L,D,C,V,V,T,S,L,I,L,I,V,Y,K,L,N,V,F,N,I,L,I,F,M,F,I,F,A,V
370,8,L,P,L,D,K,,,,True,2,K,I,W,D,L,P,L,D,K,N,E,M,G,K,L,S,E,L,H,L,N,F,D,S,F,P,N,E,M,G,L,S,K,I,W,D,L
371,3,,K,T,H,E,N,K,M,False,15,K,T,H,E,N,K,M,Q,L,D,T,L,E,L,I,C,Q,L,D,H,S,A,H,L,R,L,K,F,L,I,Y,V,P,Q,P,E,E
372,8,Y,L,I,Y,F,,,,True,18,D,K,A,P,Y,L,I,Y,F,A,V,V,L,N,S,K,V,E,V,L,E,C,E,V,W,L,P,T,A,G,D,H,H,V,V,R,V
373,6,W,L,Q,M,L,L,K,,True,13,K,A,W,L,Q,M,L,L,K,S,E,N,W,E,E,K,K,E,G,K,Q,E,Q,Q,L,L,G,E,R,N,E,H,Y,E,K,I,S
374,5,L,I,E,K,P,S,K,R,True,19,Y,L,I,E,K,P,S,K,R,Q,K,A,K,N,R,E,L,L,T,R,T,P,D,S,L,C,L,Q,K,D,P,T,A,A,E,L,L
375,8,D,S,A,K,W,,,,True,5,K,T,W,L,D,S,A,K,W,I,W,D,N,A,T,S,E,I,K,K,Q,V,R,D,Y,F,G,L,A,I,D,N,A,T,S,K,T
376,4,K,R,Y,E,G,K,I,L,True,9,K,R,Y,E,G,K,I,L,K,L,S,L,V,N,Q,N,I,K,N,S,V,G,V,H,D,T,F,D,L,H,S,N,L,S,L,V,N
377,5,F,T,L,E,L,K,E,K,True,6,K,F,T,L,E,L,K,E,K,K,E,G,S,E,V,A,E,L,C,L,I,C,N,G,L,T,I,S,S,L,E,G,S,E,V,A,K
378,3,,K,K,F,F,P,K,R,True,13,K,K,F,F,P,K,R,G,Q,T,G,M,L,E,D,G,D,S,S,R,D,R,N,S,P,G,D,G,R,T,T,C,V,V,H,Y,T
379,7,I,H,V,K,K,K,,,False,10,K,Q,Q,I,H,V,K,K,K,D,V,K,A,R,V,E,K,V,E,V,K,Q,E,V,K,Q,E,E,I,M,N,K,F,R,V,V,I
380,7,Y,L,V,T,T,L,,,False,17,Q,Y,H,Y,L,V,T,T,L,E,D,N,D,P,F,A,V,Y,T,G,H,R,R,T,S,S,K,V,T,V,Y,G,L,D,G,E,R
381,4,K,S,Q,E,Y,I,K,E,False,8,K,S,Q,E,Y,I,K,E,L,S,V,P,K,D,G,L,L,F,D,E,I,R,M,F,D,E,I,R,M,T,G,K,A,I,V,K,R
382,3,,K,P,P,E,P,F,Y,False,9,K,P,P,E,P,F,Y,N,F,L,H,I,E,W,I,K,P,S,P,I,P,L,T,P,I,P,L,T,F,D,T,V,M,E,S,D,R
383,2,,,K,N,K,E,E,K,True,2,K,N,K,E,E,K,Y,S,I,E,K,Y,S,I,T,R,P,R,T,P,L,S,D,L,E,I,L,Q,R,C,T,R,K,N,P,R,T
384,3,,K,P,L,F,L,K,P,False,16,K,P,L,F,L,K,P,W,L,L,V,H,P,D,Y,I,L,G,A,S,A,A,I,K,D,D,L,F,Y,G,G,D,G,L,L,L,S
385,2,,,K,W,V,N,I,L,False,19,K,W,V,N,I,L,L,K,K,Q,S,C,A,D,L,D,L,H,G,L,E,S,Q,Y,G,K,D,L,T,S,Q,Q,M,L,E,N,Q
386,3,,K,D,K,E,Y,F,D,False,5,K,D,K,E,Y,F,D,S,L,S,Y,W,Q,F,V,G,S,A,M,A,T,E,Y,D,K,S,A,M,A,T,K,Q,Y,E,K,N,C
387,5,F,L,T,F,K,Y,T,L,False,3,L,F,L,T,F,K,Y,T,L,P,L,L,N,S,V,F,Y,I,K,K,Y,T,L,F,L,T,F,Y,I,K,L,K,N,S,R,A,S
388,1,,,,T,H,V,D,L,False,10,T,H,V,D,L,Q,D,Y,R,A,A,L,Q,P,A,P,E,P,R,Y,S,V,V,Y,S,V,V,Q,R,H,C,S,R,D,S,A,P
389,3,,K,H,K,L,S,L,E,False,11,K,H,K,L,S,L,E,E,Y,R,L,H,S,N,Y,Y,Y,P,R,P,R,D,T,R,D,T,S,F,S,G,K,L,I,L,S,T,D
390,4,I,H,E,I,S,Y,F,E,True,15,I,H,E,I,S,Y,F,E,I,S,Q,I,T,E,S,T,P,T,K,D,T,P,S,F,P,F,C,R,E,P,P,T,K,E,F,Q,Q
391,7,D,Q,F,K,V,L,,,False,14,K,Y,L,D,Q,F,K,V,L,N,S,E,P,V,W,K,N,P,L,I,L,L,L,L,G,S,A,L,V,S,T,K,E,Y,E,D,A
392,4,F,I,K,I,Y,C,R,T,True,10,F,I,K,I,Y,C,R,T,I,E,Y,M,K,D,D,F,E,T,W,H,K,P,D,K,A,W,N,A,Y,P,V,T,N,E,Y,M,K
393,5,N,K,Y,Y,T,K,T,L,False,18,K,N,K,Y,Y,T,K,T,L,I,D,A,V,F,Y,S,Y,F,F,Q,G,S,N,D,F,L,L,Q,R,I,K,S,N,S,W,F,G
394,3,,K,N,A,R,Y,C,L,True,5,K,N,A,R,Y,C,L,E,Y,E,Y,Y,S,W,F,L,T,Y,I,C,Q,R,V,S,P,R,T,E,D,M,Y,S,W,F,L,K,N
395,2,,,Q,E,E,E,Y,Q,False,1,Q,E,E,E,Y,Q,R,E,G,F,I,Q,L,V,L,K,Q,E,E,Y,Q,R,E,L,V,L,K,Q,E,Q,I,P,W,K,H,I,D
396,1,,,,R,Y,F,D,E,False,17,R,Y,F,D,E,P,V,E,L,S,P,I,M,A,K,P,K,K,Y,N,D,D,S,Y,F,T,S,S,S,S,R,S,S,S,F,S,S
397,1,,,,K,M,R,F,C,False,17,K,M,R,F,C,P,Y,S,H,D,A,T,R,T,L,G,G,S,Q,P,P,G,P,G,L,I,R,I,Y,S,R,T,R,L,V,L,K
398,6,F,D,L,L,K,E,Y,,False,3,K,L,F,D,L,L,K,E,Y,A,D,F,L,P,V,M,Y,P,E,K,E,Y,I,F,D,L,L,Y,P,E,I,P,V,P,D,I,N
399,5,I,I,T,Y,Y,L,Q,K,True,0,K,I,I,T,Y,Y,L,Q,K,R,V,N,Y,L,Q,K,D,L,I,K,Y,D,V,G,A,V,G,R,V,N,K,I,I,T,Y,D,L
400,8,K,Y,L,Q,K,,,,False,8,Y,T,L,I,K,Y,L,Q,K,Y,Y,G,P,G,R,L,V,E,C,D,R,Q,V,E,C,D,R,Q,V,E,V,V,D,K,F,I,K
401,7,R,K,E,E,L,Q,,,True,12,K,E,I,R,K,E,E,L,Q,A,I,K,M,E,D,P,L,E,E,D,H,K,C,E,L,R,N,F,E,A,I,D,D,I,M,A,I
402,5,E,K,V,V,Y,L,Y,E,True,7,M,E,K,V,V,Y,L,Y,E,D,S,P,Q,P,V,T,K,Q,S,Y,E,F,S,G,I,I,N,K,E,G,D,S,P,Q,P,V,T
403,4,E,L,R,K,N,L,Y,E,True,9,E,L,R,K,N,L,Y,E,L,L,Y,K,H,I,H,P,N,L,E,K,D,Y,I,D,V,Y,S,K,Q,R,N,R,L,Y,K,H,I
404,7,D,W,F,S,S,F,,,False,11,A,Y,R,D,W,F,S,S,F,V,M,E,I,D,Q,E,S,Q,L,T,A,T,C,A,T,C,N,V,E,Q,F,N,D,W,F,S,G
405,3,,W,H,T,R,H,E,L,False,1,W,H,T,R,H,E,L,I,S,L,L,Q,I,N,T,S,L,R,H,E,L,I,S,N,T,S,W,H,T,L,T,L,M,P,I,F,L
406,6,Q,Y,R,K,E,T,L,,False,10,E,I,Q,Y,R,K,E,T,L,E,H,I,D,H,T,F,D,T,A,T,W,K,D,T,W,K,D,S,K,T,Q,N,A,H,S,M,A
407,4,P,H,D,Y,K,Q,R,K,False,9,P,H,D,Y,K,Q,R,K,D,K,G,A,R,I,E,R,F,C,K,C,N,E,C,K,C,N,E,C,T,E,S,F,S,H,S,R,S
408,7,Q,D,F,L,E,Y,,,False,16,K,K,H,Q,D,F,L,E,Y,K,L,P,T,L,S,E,G,Y,L,Y,R,K,F,K,S,S,K,A,E,D,E,H,E,V,D,W,W
409,8,Y,N,H,Q,F,,,,True,15,K,Y,L,P,Y,N,H,Q,F,E,Y,G,K,K,K,L,H,E,Y,F,F,L,I,D,V,N,M,L,H,V,V,L,G,E,W,Q,P
410,8,Y,N,Q,Q,F,,,,True,14,R,Y,L,P,Y,N,Q,Q,F,E,Y,G,K,K,K,R,H,L,Y,F,F,L,I,D,V,T,V,A,P,V,L,L,G,E,S,S,V
411,2,,,K,E,R,K,V,W,False,16,K,E,R,K,V,W,Q,K,R,L,H,Q,P,Q,G,N,H,G,T,E,R,N,G,Y,K,K,S,D,G,I,K,C,S,V,K,N,G
412,3,,K,L,A,S,G,F,S,True,6,K,L,A,S,G,F,S,A,A,A,A,K,L,V,S,E,S,Y,Q,A,A,R,K,I,I,Q,D,C,M,W,A,K,L,V,S,E,K
